0,0,ReMXrij5DWZka5MT1XX6gNI7yjQ=,Bv5VUwxm4NT5ZgWMd+bBqxSUYzI=
0,1,ReMXrij5DWZka5MT1XX6gNI7yjQ=,Bv5VUwxm4NT5ZgWMd+bBqxSUYzI=
0,2,ReMXrij5DWZka5MT1XX6gNI7yjQ=,iWPfnL+jnVIBodxBEZ7SToIGrtk=
0,3,ReMXrij5DWZka5MT1XX6gNI7yjQ=,iWPfnL+jnVIBodxBEZ7SToIGrtk=
0,4,ReMXrij5DWZka5MT1XX6gNI7yjQ=,iWPfnL+jnVIBodxBEZ7SToIGrtk=
0,5,tCh/uPZ9oiiJshm/bWKclHR6u50=,iWPfnL+jnVIBodxBEZ7SToIGrtk=
0,6,tCh/uPZ9oiiJshm/bWKclHR6u50=,iWPfnL+jnVIBodxBEZ7SToIGrtk=
0,7,tCh/uPZ9oiiJshm/bWKclHR6u50=,iWPfnL+jnVIBodxBEZ7SToIGrtk=
0,8,tCh/uPZ9oiiJshm/bWKclHR6u50=,iWPfnL+jnVIBodxBEZ7SToIGrtk=
0,9,tCh/uPZ9oiiJshm/bWKclHR6u50=,iWPfnL+jnVIBodxBEZ7SToIGrtk=
0,10,tCh/uPZ9oiiJshm/bWKclHR6u50=,JCjlpvo8bgpkqgc947SrM1i9yLE=
0,12,tCh/uPZ9oiiJshm/bWKclHR6u50=,eB8fiUEe0d0sVd2W/p3cGxHmEws=
0,14,tCh/uPZ9oiiJshm/bWKclHR6u50=,eB8fiUEe0d0sVd2W/p3cGxHmEws=
0,15,tCh/uPZ9oiiJshm/bWKclHR6u50=,eB8fiUEe0d0sVd2W/p3cGxHmEws=
0,17,tCh/uPZ9oiiJshm/bWKclHR6u50=,eB8fiUEe0d0sVd2W/p3cGxHmEws=
1,1,tCh/uPZ9oiiJshm/bWKclHR6u50=,R5BalCs9FR943WUI5NG6oSjjja8=
1,17,tCh/uPZ9oiiJshm/bWKclHR6u50=,jycDl0609Hz0tvjYOifFsfeoULw=
1,0,tCh/uPZ9oiiJshm/bWKclHR6u50=,R5BalCs9FR943WUI5NG6oSjjja8=
1,3,tCh/uPZ9oiiJshm/bWKclHR6u50=,Anc0+e4F9nVPRwmn8+G8oov5Rp4=
1,2,tCh/uPZ9oiiJshm/bWKclHR6u50=,RbbCobiimfSZzFlw4DWBOHczIZk=
1,5,tCh/uPZ9oiiJshm/bWKclHR6u50=,6m+/FGqD3CbEzLed80y0KpSqY/4=
1,4,tCh/uPZ9oiiJshm/bWKclHR6u50=,6m+/FGqD3CbEzLed80y0KpSqY/4=
1,7,tCh/uPZ9oiiJshm/bWKclHR6u50=,6m+/FGqD3CbEzLed80y0KpSqY/4=
1,6,tCh/uPZ9oiiJshm/bWKclHR6u50=,6m+/FGqD3CbEzLed80y0KpSqY/4=
1,9,tCh/uPZ9oiiJshm/bWKclHR6u50=,8WfYVlGaa9IXin1vtFp+PPuL8mc=
1,8,tCh/uPZ9oiiJshm/bWKclHR6u50=,EU/0SsxSS8LLh4xGmTjM6yq3EGY=
1,10,tCh/uPZ9oiiJshm/bWKclHR6u50=,tl/FVmrOnFxkCJTyadOaWCxfGv4=
1,11,J0ads95KG74k62K6ceNQ43GBvIc=,+VD7TohY5L8VrUVswglysB9envk=
1,12,J0ads95KG74k62K6ceNQ43GBvIc=,+VD7TohY5L8VrUVswglysB9envk=
1,15,J0ads95KG74k62K6ceNQ43GBvIc=,+VD7TohY5L8VrUVswglysB9envk=
1,14,J0ads95KG74k62K6ceNQ43GBvIc=,+VD7TohY5L8VrUVswglysB9envk=
2,2,J0ads95KG74k62K6ceNQ43GBvIc=,mhfbj38zO7ndl+K92cB0+fg/IBk=
2,3,J0ads95KG74k62K6ceNQ43GBvIc=,mhfbj38zO7ndl+K92cB0+fg/IBk=
2,0,J0ads95KG74k62K6ceNQ43GBvIc=,uIT2bsTO464yHz1tpUBlp4stbzM=
2,1,J0ads95KG74k62K6ceNQ43GBvIc=,PSK5cczE8T+W3UmdeovXmAonhDI=
2,6,J0ads95KG74k62K6ceNQ43GBvIc=,PSK5cczE8T+W3UmdeovXmAonhDI=
2,4,J0ads95KG74k62K6ceNQ43GBvIc=,LENKMQbQnBH3MplaGDIzmVI/4HU=
2,5,J0ads95KG74k62K6ceNQ43GBvIc=,G2y8TaYlAMXWZ7L8i3ybL/mk0mM=
3,3,J0ads95KG74k62K6ceNQ43GBvIc=,anX6ZeozOXDzTxOHAeXXyD7bbMk=
3,2,J0ads95KG74k62K6ceNQ43GBvIc=,anX6ZeozOXDzTxOHAeXXyD7bbMk=
3,1,J0ads95KG74k62K6ceNQ43GBvIc=,anX6ZeozOXDzTxOHAeXXyD7bbMk=
3,0,J0ads95KG74k62K6ceNQ43GBvIc=,anX6ZeozOXDzTxOHAeXXyD7bbMk=
3,6,J0ads95KG74k62K6ceNQ43GBvIc=,zlI1FxB6qGW/8rpjjxNTiU/XQHg=
3,5,J0ads95KG74k62K6ceNQ43GBvIc=,26MVy23PMlPHa+KpKqsf/j2IemM=
3,4,J0ads95KG74k62K6ceNQ43GBvIc=,nfattUcKr0ail64wVVdDNOk7s2w=
3,10,J0ads95KG74k62K6ceNQ43GBvIc=,uh7htm3HucB8tsQfC8znFSUvWQQ=
3,9,J0ads95KG74k62K6ceNQ43GBvIc=,uh7htm3HucB8tsQfC8znFSUvWQQ=
3,8,J0ads95KG74k62K6ceNQ43GBvIc=,uh7htm3HucB8tsQfC8znFSUvWQQ=
3,15,J0ads95KG74k62K6ceNQ43GBvIc=,uh7htm3HucB8tsQfC8znFSUvWQQ=
3,14,J0ads95KG74k62K6ceNQ43GBvIc=,uh7htm3HucB8tsQfC8znFSUvWQQ=
3,12,vCfWsS2rq40ac41cm5Wue1QEs7A=,uh7htm3HucB8tsQfC8znFSUvWQQ=
3,17,vCfWsS2rq40ac41cm5Wue1QEs7A=,uh7htm3HucB8tsQfC8znFSUvWQQ=
4,4,vCfWsS2rq40ac41cm5Wue1QEs7A=,zgSNQJMysXgQGUPStLCJXcYBUK4=
4,5,vCfWsS2rq40ac41cm5Wue1QEs7A=,0p7DoF8aClQ8717asBmQSetO9mc=
4,6,vCfWsS2rq40ac41cm5Wue1QEs7A=,0p7DoF8aClQ8717asBmQSetO9mc=
4,0,vCfWsS2rq40ac41cm5Wue1QEs7A=,0p7DoF8aClQ8717asBmQSetO9mc=
4,1,vCfWsS2rq40ac41cm5Wue1QEs7A=,9lhIcq4Z37neryyKW1QvMmY79ZU=
4,17,vCfWsS2rq40ac41cm5Wue1QEs7A=,mM/yfn6GcDLPAOnHSfmRiGlrIG4=
4,2,vCfWsS2rq40ac41cm5Wue1QEs7A=,JBjt8s12oHSgROe1dgzAJy6KBNE=
4,3,vCfWsS2rq40ac41cm5Wue1QEs7A=,JBjt8s12oHSgROe1dgzAJy6KBNE=
4,7,vCfWsS2rq40ac41cm5Wue1QEs7A=,mM/yfn6GcDLPAOnHSfmRiGlrIG4=
4,12,OLsDnTbeHpCfY8QOIBvFLmt3NeA=,C0tCxw8a1QTi8Z8uUdcdySLfkKk=
4,14,OLsDnTbeHpCfY8QOIBvFLmt3NeA=,C0tCxw8a1QTi8Z8uUdcdySLfkKk=
4,15,OLsDnTbeHpCfY8QOIBvFLmt3NeA=,C0tCxw8a1QTi8Z8uUdcdySLfkKk=
4,9,OLsDnTbeHpCfY8QOIBvFLmt3NeA=,C0tCxw8a1QTi8Z8uUdcdySLfkKk=
4,11,OLsDnTbeHpCfY8QOIBvFLmt3NeA=,C0tCxw8a1QTi8Z8uUdcdySLfkKk=
5,21,OLsDnTbeHpCfY8QOIBvFLmt3NeA=,K2JyT6qfd1AxCs2sjckSVdu5NJc=
5,5,OLsDnTbeHpCfY8QOIBvFLmt3NeA=,re53op5kCbP4HIiJDsiaH+GqPHo=
5,20,OLsDnTbeHpCfY8QOIBvFLmt3NeA=,8kci6c4195skcOcVsRIDvIulWnM=
5,4,OLsDnTbeHpCfY8QOIBvFLmt3NeA=,mRedwhhtuDikCJg2I9+6Ov5pEh4=
5,23,OLsDnTbeHpCfY8QOIBvFLmt3NeA=,+jIRb+o8678hWWpurikLsAQs5sI=
5,22,OLsDnTbeHpCfY8QOIBvFLmt3NeA=,+zENgie89M1P9Fb4Cy/QS/EDtJY=
5,6,OLsDnTbeHpCfY8QOIBvFLmt3NeA=,e+gnDXe0n0eLeBZP6ACrhpsvk0Q=
5,17,OLsDnTbeHpCfY8QOIBvFLmt3NeA=,+zENgie89M1P9Fb4Cy/QS/EDtJY=
5,1,OLsDnTbeHpCfY8QOIBvFLmt3NeA=,e+gnDXe0n0eLeBZP6ACrhpsvk0Q=
5,16,OLsDnTbeHpCfY8QOIBvFLmt3NeA=,+zENgie89M1P9Fb4Cy/QS/EDtJY=
5,0,OLsDnTbeHpCfY8QOIBvFLmt3NeA=,e+gnDXe0n0eLeBZP6ACrhpsvk0Q=
5,19,OLsDnTbeHpCfY8QOIBvFLmt3NeA=,+jIRb+o8678hWWpurikLsAQs5sI=
5,3,OLsDnTbeHpCfY8QOIBvFLmt3NeA=,dELxDyXjogCjvVGHu9m0xi0bSlY=
5,18,OLsDnTbeHpCfY8QOIBvFLmt3NeA=,+jIRb+o8678hWWpurikLsAQs5sI=
5,2,OLsDnTbeHpCfY8QOIBvFLmt3NeA=,e0kFEBJAAlnRGUhP5nUiBXjBezI=
5,29,OLsDnTbeHpCfY8QOIBvFLmt3NeA=,+jIRb+o8678hWWpurikLsAQs5sI=
5,28,OLsDnTbeHpCfY8QOIBvFLmt3NeA=,+jIRb+o8678hWWpurikLsAQs5sI=
5,31,OLsDnTbeHpCfY8QOIBvFLmt3NeA=,15DPN3GWZS6qgMlI1C87P1xu7Yk=
5,30,OLsDnTbeHpCfY8QOIBvFLmt3NeA=,15DPN3GWZS6qgMlI1C87P1xu7Yk=
5,25,OLsDnTbeHpCfY8QOIBvFLmt3NeA=,15DPN3GWZS6qgMlI1C87P1xu7Yk=
5,24,OLsDnTbeHpCfY8QOIBvFLmt3NeA=,15DPN3GWZS6qgMlI1C87P1xu7Yk=
5,27,OLsDnTbeHpCfY8QOIBvFLmt3NeA=,15DPN3GWZS6qgMlI1C87P1xu7Yk=
5,26,OLsDnTbeHpCfY8QOIBvFLmt3NeA=,15DPN3GWZS6qgMlI1C87P1xu7Yk=
5,13,OLsDnTbeHpCfY8QOIBvFLmt3NeA=,zHT7FUbtrESIoZpEISVxDzO3XWo=
5,15,OLsDnTbeHpCfY8QOIBvFLmt3NeA=,zHT7FUbtrESIoZpEISVxDzO3XWo=
5,14,OLsDnTbeHpCfY8QOIBvFLmt3NeA=,gUY2Y1WBPTse0StyZy61I7xCdjw=
6,22,OLsDnTbeHpCfY8QOIBvFLmt3NeA=,xAqdwJXt8KqlRkhzCBLnMLM4V3s=
6,6,OLsDnTbeHpCfY8QOIBvFLmt3NeA=,zHT7FUbtrESIoZpEISVxDzO3XWo=
6,23,OLsDnTbeHpCfY8QOIBvFLmt3NeA=,9Es7cM1AjUGF1cVBreMZ1pkq3vA=
6,20,OLsDnTbeHpCfY8QOIBvFLmt3NeA=,9Es7cM1AjUGF1cVBreMZ1pkq3vA=
6,4,LhvTWunOfva/nZ0JyuY2YTbUVoM=,zHT7FUbtrESIoZpEISVxDzO3XWo=
6,21,LhvTWunOfva/nZ0JyuY2YTbUVoM=,9Es7cM1AjUGF1cVBreMZ1pkq3vA=
6,18,LhvTWunOfva/nZ0JyuY2YTbUVoM=,9Es7cM1AjUGF1cVBreMZ1pkq3vA=
6,2,LhvTWunOfva/nZ0JyuY2YTbUVoM=,YGKInkXPu+HCDrLq0c6rC9UWjco=
6,19,LhvTWunOfva/nZ0JyuY2YTbUVoM=,MDKOPQhugzfRGX8zBzeXN3dgv/8=
6,3,LhvTWunOfva/nZ0JyuY2YTbUVoM=,YGKInkXPu+HCDrLq0c6rC9UWjco=
6,16,LhvTWunOfva/nZ0JyuY2YTbUVoM=,pQbG7QbvPIGz0rcgVhr16s5q1iw=
6,0,LhvTWunOfva/nZ0JyuY2YTbUVoM=,X+0lxrM0eq1LEOegGZccV+AndEo=
6,17,LhvTWunOfva/nZ0JyuY2YTbUVoM=,qBGkHE9BRekesxr/dyByeSSiPrg=
6,1,LhvTWunOfva/nZ0JyuY2YTbUVoM=,fIzeoluAgcRJG4sNDUCHUX8lndI=
6,30,LhvTWunOfva/nZ0JyuY2YTbUVoM=,qBGkHE9BRekesxr/dyByeSSiPrg=
6,14,LhvTWunOfva/nZ0JyuY2YTbUVoM=,fIzeoluAgcRJG4sNDUCHUX8lndI=
6,31,LhvTWunOfva/nZ0JyuY2YTbUVoM=,qBGkHE9BRekesxr/dyByeSSiPrg=
6,15,LhvTWunOfva/nZ0JyuY2YTbUVoM=,fIzeoluAgcRJG4sNDUCHUX8lndI=
6,28,LhvTWunOfva/nZ0JyuY2YTbUVoM=,qBGkHE9BRekesxr/dyByeSSiPrg=
6,12,LhvTWunOfva/nZ0JyuY2YTbUVoM=,L+ecJoujAwD7/5sm+CzssCoWkRE=
6,29,LhvTWunOfva/nZ0JyuY2YTbUVoM=,/Ynh+Qu3w7BWG8QUkJeiOSZU0dQ=
6,13,LhvTWunOfva/nZ0JyuY2YTbUVoM=,HualckWtXbLdE0xvuLMpTudAhVI=
6,26,LhvTWunOfva/nZ0JyuY2YTbUVoM=,qBGkHE9BRekesxr/dyByeSSiPrg=
6,27,LhvTWunOfva/nZ0JyuY2YTbUVoM=,qBGkHE9BRekesxr/dyByeSSiPrg=
6,24,LhvTWunOfva/nZ0JyuY2YTbUVoM=,qBGkHE9BRekesxr/dyByeSSiPrg=
6,8,LhvTWunOfva/nZ0JyuY2YTbUVoM=,L+ecJoujAwD7/5sm+CzssCoWkRE=
6,25,LhvTWunOfva/nZ0JyuY2YTbUVoM=,dC6kYSC4rgGNBLgWFrMcp+z5f84=
6,9,LhvTWunOfva/nZ0JyuY2YTbUVoM=,L+ecJoujAwD7/5sm+CzssCoWkRE=
6,11,LhvTWunOfva/nZ0JyuY2YTbUVoM=,GNmDhjttDd+t1Q2oZRsnkSQKBJo=
7,23,LhvTWunOfva/nZ0JyuY2YTbUVoM=,F6BTAGHWkOk+NbnSAUmjIoUVjAU=
7,22,LhvTWunOfva/nZ0JyuY2YTbUVoM=,F6BTAGHWkOk+NbnSAUmjIoUVjAU=
7,21,LhvTWunOfva/nZ0JyuY2YTbUVoM=,gs/WQgxpKQ8mscZXDyY/ea4zf9M=
7,20,LhvTWunOfva/nZ0JyuY2YTbUVoM=,F6BTAGHWkOk+NbnSAUmjIoUVjAU=
7,19,LhvTWunOfva/nZ0JyuY2YTbUVoM=,e8KW40HfRkdAAK1roU5OkHPrVUY=
7,18,LhvTWunOfva/nZ0JyuY2YTbUVoM=,oXHg9j998DzIe9+p9EQ6x6asSy4=
7,17,LhvTWunOfva/nZ0JyuY2YTbUVoM=,QBIf+WbXYpAJBrndgtmkNKtfDJg=
7,16,LhvTWunOfva/nZ0JyuY2YTbUVoM=,wMmJcM6oBp1qdbYjQVtNBqIogOo=
7,0,LhvTWunOfva/nZ0JyuY2YTbUVoM=,eFeifAqs1pvMQMvKrM1Wemr2XUg=
7,31,LhvTWunOfva/nZ0JyuY2YTbUVoM=,wMmJcM6oBp1qdbYjQVtNBqIogOo=
7,15,LhvTWunOfva/nZ0JyuY2YTbUVoM=,/tKzm4xiVJHBIxVXRlnVq+16Y7g=
7,30,LhvTWunOfva/nZ0JyuY2YTbUVoM=,wMmJcM6oBp1qdbYjQVtNBqIogOo=
7,14,LhvTWunOfva/nZ0JyuY2YTbUVoM=,u42p+vy4DASXFsGeIl8A+nBMixg=
7,29,LhvTWunOfva/nZ0JyuY2YTbUVoM=,wMmJcM6oBp1qdbYjQVtNBqIogOo=
7,13,LhvTWunOfva/nZ0JyuY2YTbUVoM=,ScQNDsdIKYlIbYPLsamYOAszgt4=
7,28,LhvTWunOfva/nZ0JyuY2YTbUVoM=,wMmJcM6oBp1qdbYjQVtNBqIogOo=
7,27,LhvTWunOfva/nZ0JyuY2YTbUVoM=,/tKzm4xiVJHBIxVXRlnVq+16Y7g=
7,26,LhvTWunOfva/nZ0JyuY2YTbUVoM=,Diyq9ffWlzFOkC/Q8Oix8qUk2nY=
7,25,LhvTWunOfva/nZ0JyuY2YTbUVoM=,wMmJcM6oBp1qdbYjQVtNBqIogOo=
7,24,LhvTWunOfva/nZ0JyuY2YTbUVoM=,wMmJcM6oBp1qdbYjQVtNBqIogOo=
7,7,IuHMi7CejQ5lOpdqR4jouimXEh8=,YC8lK1LUIg+cqiCPbcUNZ/q7k7I=
7,6,IuHMi7CejQ5lOpdqR4jouimXEh8=,YC8lK1LUIg+cqiCPbcUNZ/q7k7I=
7,3,IuHMi7CejQ5lOpdqR4jouimXEh8=,YC8lK1LUIg+cqiCPbcUNZ/q7k7I=
7,10,IuHMi7CejQ5lOpdqR4jouimXEh8=,Dkpjm2m6+E+P6Zq7C24w3gxGXMs=
7,9,IuHMi7CejQ5lOpdqR4jouimXEh8=,Dkpjm2m6+E+P6Zq7C24w3gxGXMs=
8,24,IuHMi7CejQ5lOpdqR4jouimXEh8=,MyO0ZG3nZm+a5pb1J6qdVj1wtnE=
8,25,IuHMi7CejQ5lOpdqR4jouimXEh8=,vi375V5eP0196T3miZTS9Kh5jD0=
8,26,IuHMi7CejQ5lOpdqR4jouimXEh8=,MyO0ZG3nZm+a5pb1J6qdVj1wtnE=
8,27,IuHMi7CejQ5lOpdqR4jouimXEh8=,p2YRZ+/2YXuKhbYab9IY17uBWac=
8,28,IuHMi7CejQ5lOpdqR4jouimXEh8=,MyO0ZG3nZm+a5pb1J6qdVj1wtnE=
8,12,IuHMi7CejQ5lOpdqR4jouimXEh8=,Dkpjm2m6+E+P6Zq7C24w3gxGXMs=
8,29,IuHMi7CejQ5lOpdqR4jouimXEh8=,ksML4LkYId1irZZvkfzdHWAsakg=
8,13,IuHMi7CejQ5lOpdqR4jouimXEh8=,5OPg9kj240ZJHmx/NjhEQYG36JM=
8,30,IuHMi7CejQ5lOpdqR4jouimXEh8=,JDGDr7pzCX8tajAMV3ZwCgSHwyo=
8,14,IuHMi7CejQ5lOpdqR4jouimXEh8=,5OPg9kj240ZJHmx/NjhEQYG36JM=
8,31,IuHMi7CejQ5lOpdqR4jouimXEh8=,JDGDr7pzCX8tajAMV3ZwCgSHwyo=
8,15,IuHMi7CejQ5lOpdqR4jouimXEh8=,JDGDr7pzCX8tajAMV3ZwCgSHwyo=
8,16,IuHMi7CejQ5lOpdqR4jouimXEh8=,JDGDr7pzCX8tajAMV3ZwCgSHwyo=
8,17,IuHMi7CejQ5lOpdqR4jouimXEh8=,JDGDr7pzCX8tajAMV3ZwCgSHwyo=
8,1,IuHMi7CejQ5lOpdqR4jouimXEh8=,0gC0XXJEM1ojCPwEULLl8jxtksU=
8,18,IuHMi7CejQ5lOpdqR4jouimXEh8=,plXqcPZbXR6IgopAHe5rtYFNGtk=
8,19,IuHMi7CejQ5lOpdqR4jouimXEh8=,MO0qjha3sMpe6jSFFXeEHNn4wUI=
8,20,IuHMi7CejQ5lOpdqR4jouimXEh8=,5OPg9kj240ZJHmx/NjhEQYG36JM=
8,4,IuHMi7CejQ5lOpdqR4jouimXEh8=,0gC0XXJEM1ojCPwEULLl8jxtksU=
8,21,IuHMi7CejQ5lOpdqR4jouimXEh8=,plXqcPZbXR6IgopAHe5rtYFNGtk=
8,22,IuHMi7CejQ5lOpdqR4jouimXEh8=,plXqcPZbXR6IgopAHe5rtYFNGtk=
8,23,IuHMi7CejQ5lOpdqR4jouimXEh8=,yvoutWzBoht7vhrC03ZWDAYxCEA=
9,25,IuHMi7CejQ5lOpdqR4jouimXEh8=,tkiGtGOlxtBCxS/WrylREIrWUdA=
9,24,IuHMi7CejQ5lOpdqR4jouimXEh8=,AYNxkJuLeO9cQBGaZ7/bJge8tg0=
9,27,IuHMi7CejQ5lOpdqR4jouimXEh8=,AYNxkJuLeO9cQBGaZ7/bJge8tg0=
9,26,g6X/QrgPagN9cFVq4nsTEBgs5dE=,tkiGtGOlxtBCxS/WrylREIrWUdA=
9,29,g6X/QrgPagN9cFVq4nsTEBgs5dE=,1MS/DlQLI4bRrWWiCEDL83jnPpQ=
9,13,g6X/QrgPagN9cFVq4nsTEBgs5dE=,ZxqjSHMVB1MJJG1QnqCCgYvOXv8=
9,28,g6X/QrgPagN9cFVq4nsTEBgs5dE=,1J34Q/wTvHZAV+MUYe6lNScq6pE=
9,31,g6X/QrgPagN9cFVq4nsTEBgs5dE=,1MS/DlQLI4bRrWWiCEDL83jnPpQ=
9,15,g6X/QrgPagN9cFVq4nsTEBgs5dE=,kAjkHL8ANYxPmYyPOq/ZehbCgE8=
9,30,g6X/QrgPagN9cFVq4nsTEBgs5dE=,1MS/DlQLI4bRrWWiCEDL83jnPpQ=
9,14,g6X/QrgPagN9cFVq4nsTEBgs5dE=,mhrCHEYRtSVZhxmnW+gfjLaCbDM=
9,17,g6X/QrgPagN9cFVq4nsTEBgs5dE=,1MS/DlQLI4bRrWWiCEDL83jnPpQ=
9,16,g6X/QrgPagN9cFVq4nsTEBgs5dE=,1MS/DlQLI4bRrWWiCEDL83jnPpQ=
9,0,g6X/QrgPagN9cFVq4nsTEBgs5dE=,znWBTVVZvayLN/LP+2BbaYDZM9c=
9,19,g6X/QrgPagN9cFVq4nsTEBgs5dE=,hzCsB5JdGZGTnmle18Skgvi+0iI=
9,18,g6X/QrgPagN9cFVq4nsTEBgs5dE=,hzCsB5JdGZGTnmle18Skgvi+0iI=
9,21,g6X/QrgPagN9cFVq4nsTEBgs5dE=,1MS/DlQLI4bRrWWiCEDL83jnPpQ=
9,20,g6X/QrgPagN9cFVq4nsTEBgs5dE=,1MS/DlQLI4bRrWWiCEDL83jnPpQ=
9,23,g6X/QrgPagN9cFVq4nsTEBgs5dE=,1MS/DlQLI4bRrWWiCEDL83jnPpQ=
9,22,g6X/QrgPagN9cFVq4nsTEBgs5dE=,1MS/DlQLI4bRrWWiCEDL83jnPpQ=
9,9,g6X/QrgPagN9cFVq4nsTEBgs5dE=,znWBTVVZvayLN/LP+2BbaYDZM9c=
9,8,g6X/QrgPagN9cFVq4nsTEBgs5dE=,znWBTVVZvayLN/LP+2BbaYDZM9c=
9,10,g6X/QrgPagN9cFVq4nsTEBgs5dE=,znWBTVVZvayLN/LP+2BbaYDZM9c=
9,12,g6X/QrgPagN9cFVq4nsTEBgs5dE=,wiaXOV88lVFC4TISASEUhVf7J4o=
9,1,g6X/QrgPagN9cFVq4nsTEBgs5dE=,wiaXOV88lVFC4TISASEUhVf7J4o=
9,3,g6X/QrgPagN9cFVq4nsTEBgs5dE=,wiaXOV88lVFC4TISASEUhVf7J4o=
9,4,g6X/QrgPagN9cFVq4nsTEBgs5dE=,wiaXOV88lVFC4TISASEUhVf7J4o=
9,6,g6X/QrgPagN9cFVq4nsTEBgs5dE=,wiaXOV88lVFC4TISASEUhVf7J4o=
10,26,g6X/QrgPagN9cFVq4nsTEBgs5dE=,um4WbBaTjpm3VdXCGdz+PFZn0qw=
10,27,g6X/QrgPagN9cFVq4nsTEBgs5dE=,um4WbBaTjpm3VdXCGdz+PFZn0qw=
10,24,g6X/QrgPagN9cFVq4nsTEBgs5dE=,um4WbBaTjpm3VdXCGdz+PFZn0qw=
10,25,g6X/QrgPagN9cFVq4nsTEBgs5dE=,gPuV9GxDZ0mEQfg1VAkpwUofxNc=
10,30,g6X/QrgPagN9cFVq4nsTEBgs5dE=,um4WbBaTjpm3VdXCGdz+PFZn0qw=
10,14,g6X/QrgPagN9cFVq4nsTEBgs5dE=,Vfj/7H8WD0NzzB9mpSdP1tDVb4Y=
10,31,g6X/QrgPagN9cFVq4nsTEBgs5dE=,um4WbBaTjpm3VdXCGdz+PFZn0qw=
10,15,g6X/QrgPagN9cFVq4nsTEBgs5dE=,N+hFCFK3Sr7JVJVgTkIvxQD0Has=
10,28,g6X/QrgPagN9cFVq4nsTEBgs5dE=,um4WbBaTjpm3VdXCGdz+PFZn0qw=
10,29,g6X/QrgPagN9cFVq4nsTEBgs5dE=,gPuV9GxDZ0mEQfg1VAkpwUofxNc=
10,13,g6X/QrgPagN9cFVq4nsTEBgs5dE=,8COLAcmfQlu232OKeplHO+IU6fM=
10,18,g6X/QrgPagN9cFVq4nsTEBgs5dE=,um4WbBaTjpm3VdXCGdz+PFZn0qw=
10,19,g6X/QrgPagN9cFVq4nsTEBgs5dE=,um4WbBaTjpm3VdXCGdz+PFZn0qw=
10,16,g6X/QrgPagN9cFVq4nsTEBgs5dE=,um4WbBaTjpm3VdXCGdz+PFZn0qw=
10,17,g6X/QrgPagN9cFVq4nsTEBgs5dE=,um4WbBaTjpm3VdXCGdz+PFZn0qw=
10,22,g6X/QrgPagN9cFVq4nsTEBgs5dE=,um4WbBaTjpm3VdXCGdz+PFZn0qw=
10,23,g6X/QrgPagN9cFVq4nsTEBgs5dE=,Ved9IULNIei/+gPi3lALC96cZpE=
10,20,g6X/QrgPagN9cFVq4nsTEBgs5dE=,j2HqQkZJBEKJav5X9oshs0UU/UM=
10,21,g6X/QrgPagN9cFVq4nsTEBgs5dE=,j2HqQkZJBEKJav5X9oshs0UU/UM=
10,1,G9yWo/+RwYb69xU4XifnwFgGiXQ=,KTD2IhbJitxgqfomW7uK1LjrH60=
11,11,G9yWo/+RwYb69xU4XifnwFgGiXQ=,KTD2IhbJitxgqfomW7uK1LjrH60=
11,27,G9yWo/+RwYb69xU4XifnwFgGiXQ=,vHv1kfdhCc1DsCykubEDZpYpm9s=
11,26,G9yWo/+RwYb69xU4XifnwFgGiXQ=,rPMtM4SQNdnkGGspxSHz/AnCKhI=
11,25,G9yWo/+RwYb69xU4XifnwFgGiXQ=,vHv1kfdhCc1DsCykubEDZpYpm9s=
11,9,G9yWo/+RwYb69xU4XifnwFgGiXQ=,KTD2IhbJitxgqfomW7uK1LjrH60=
11,24,G9yWo/+RwYb69xU4XifnwFgGiXQ=,IOMdH8N9MtY7cn3iOo/54iUHmzg=
11,31,G9yWo/+RwYb69xU4XifnwFgGiXQ=,IOMdH8N9MtY7cn3iOo/54iUHmzg=
11,15,G9yWo/+RwYb69xU4XifnwFgGiXQ=,vHv1kfdhCc1DsCykubEDZpYpm9s=
11,30,G9yWo/+RwYb69xU4XifnwFgGiXQ=,IOMdH8N9MtY7cn3iOo/54iUHmzg=
11,14,G9yWo/+RwYb69xU4XifnwFgGiXQ=,afBjIuYgnDFOXRP9CMxfuKCS6FI=
11,29,G9yWo/+RwYb69xU4XifnwFgGiXQ=,rPMtM4SQNdnkGGspxSHz/AnCKhI=
11,13,G9yWo/+RwYb69xU4XifnwFgGiXQ=,dqrIYywu+jPsGQZphUvDgNpfy4g=
11,28,G9yWo/+RwYb69xU4XifnwFgGiXQ=,rg5tKCOqusbUdcXzty+2ZsAzwZU=
11,12,G9yWo/+RwYb69xU4XifnwFgGiXQ=,dqrIYywu+jPsGQZphUvDgNpfy4g=
11,3,G9yWo/+RwYb69xU4XifnwFgGiXQ=,dqrIYywu+jPsGQZphUvDgNpfy4g=
11,19,G9yWo/+RwYb69xU4XifnwFgGiXQ=,rg5tKCOqusbUdcXzty+2ZsAzwZU=
11,18,G9yWo/+RwYb69xU4XifnwFgGiXQ=,7dM4XodVqEW0PDPEwKnjf22Mgyo=
11,17,G9yWo/+RwYb69xU4XifnwFgGiXQ=,7dM4XodVqEW0PDPEwKnjf22Mgyo=
11,16,G9yWo/+RwYb69xU4XifnwFgGiXQ=,rg5tKCOqusbUdcXzty+2ZsAzwZU=
11,0,G9yWo/+RwYb69xU4XifnwFgGiXQ=,dqrIYywu+jPsGQZphUvDgNpfy4g=
11,23,G9yWo/+RwYb69xU4XifnwFgGiXQ=,7dM4XodVqEW0PDPEwKnjf22Mgyo=
11,7,G9yWo/+RwYb69xU4XifnwFgGiXQ=,dqrIYywu+jPsGQZphUvDgNpfy4g=
11,22,G9yWo/+RwYb69xU4XifnwFgGiXQ=,7dM4XodVqEW0PDPEwKnjf22Mgyo=
11,6,G9yWo/+RwYb69xU4XifnwFgGiXQ=,dqrIYywu+jPsGQZphUvDgNpfy4g=
11,21,G9yWo/+RwYb69xU4XifnwFgGiXQ=,rg5tKCOqusbUdcXzty+2ZsAzwZU=
11,20,G9yWo/+RwYb69xU4XifnwFgGiXQ=,rg5tKCOqusbUdcXzty+2ZsAzwZU=
11,4,G9yWo/+RwYb69xU4XifnwFgGiXQ=,dqrIYywu+jPsGQZphUvDgNpfy4g=
12,28,G9yWo/+RwYb69xU4XifnwFgGiXQ=,OzYa/Wz9j2ta7BTUJ4nDMop5Hz0=
12,29,G9yWo/+RwYb69xU4XifnwFgGiXQ=,OzYa/Wz9j2ta7BTUJ4nDMop5Hz0=
12,13,G9yWo/+RwYb69xU4XifnwFgGiXQ=,P68CeIzxCdvUoxLGdIh48X03C+E=
12,30,G9yWo/+RwYb69xU4XifnwFgGiXQ=,OzYa/Wz9j2ta7BTUJ4nDMop5Hz0=
12,14,G9yWo/+RwYb69xU4XifnwFgGiXQ=,XRvjIAd+DwAXWSgzltsAT+Y0Kag=
12,31,G9yWo/+RwYb69xU4XifnwFgGiXQ=,Wta7CdtcLDeKRWWhBMFEsp5l2x8=
12,15,G9yWo/+RwYb69xU4XifnwFgGiXQ=,vlB03AWekuddZmsYNYymcrEuRaM=
12,24,G9yWo/+RwYb69xU4XifnwFgGiXQ=,bCGpyLsoIBatoiaYITlPd+mqWjg=
12,25,G9yWo/+RwYb69xU4XifnwFgGiXQ=,m2TRoPcbHBwfQVm8iLVM9FDaM4g=
12,26,G9yWo/+RwYb69xU4XifnwFgGiXQ=,bCGpyLsoIBatoiaYITlPd+mqWjg=
12,27,G9yWo/+RwYb69xU4XifnwFgGiXQ=,bCGpyLsoIBatoiaYITlPd+mqWjg=
12,20,G9yWo/+RwYb69xU4XifnwFgGiXQ=,bCGpyLsoIBatoiaYITlPd+mqWjg=
12,21,G9yWo/+RwYb69xU4XifnwFgGiXQ=,bCGpyLsoIBatoiaYITlPd+mqWjg=
12,22,G9yWo/+RwYb69xU4XifnwFgGiXQ=,m2TRoPcbHBwfQVm8iLVM9FDaM4g=
12,23,G9yWo/+RwYb69xU4XifnwFgGiXQ=,m2TRoPcbHBwfQVm8iLVM9FDaM4g=
12,16,G9yWo/+RwYb69xU4XifnwFgGiXQ=,m2TRoPcbHBwfQVm8iLVM9FDaM4g=
12,17,G9yWo/+RwYb69xU4XifnwFgGiXQ=,bCGpyLsoIBatoiaYITlPd+mqWjg=
12,18,G9yWo/+RwYb69xU4XifnwFgGiXQ=,m2TRoPcbHBwfQVm8iLVM9FDaM4g=
12,19,G9yWo/+RwYb69xU4XifnwFgGiXQ=,m2TRoPcbHBwfQVm8iLVM9FDaM4g=
12,12,G9yWo/+RwYb69xU4XifnwFgGiXQ=,0hUV/ADDWpn5sSguhM4I4Epo0Rs=
12,8,G9yWo/+RwYb69xU4XifnwFgGiXQ=,0hUV/ADDWpn5sSguhM4I4Epo0Rs=
12,9,G9yWo/+RwYb69xU4XifnwFgGiXQ=,0hUV/ADDWpn5sSguhM4I4Epo0Rs=
12,11,G9yWo/+RwYb69xU4XifnwFgGiXQ=,0hUV/ADDWpn5sSguhM4I4Epo0Rs=
12,4,G9yWo/+RwYb69xU4XifnwFgGiXQ=,0hUV/ADDWpn5sSguhM4I4Epo0Rs=
12,6,G9yWo/+RwYb69xU4XifnwFgGiXQ=,0hUV/ADDWpn5sSguhM4I4Epo0Rs=
12,0,G9yWo/+RwYb69xU4XifnwFgGiXQ=,0hUV/ADDWpn5sSguhM4I4Epo0Rs=
12,1,G9yWo/+RwYb69xU4XifnwFgGiXQ=,0hUV/ADDWpn5sSguhM4I4Epo0Rs=
12,3,eZgol2V1SWsk5sUC0MhUbMXXffQ=,0hUV/ADDWpn5sSguhM4I4Epo0Rs=
13,29,eZgol2V1SWsk5sUC0MhUbMXXffQ=,Bl60XuZBMoJ5WLaYwzoSvKS3ZWE=
13,13,eZgol2V1SWsk5sUC0MhUbMXXffQ=,FkbnMo0TfiTYcn4AmEnOtvIk57I=
13,28,eZgol2V1SWsk5sUC0MhUbMXXffQ=,Bl60XuZBMoJ5WLaYwzoSvKS3ZWE=
13,31,eZgol2V1SWsk5sUC0MhUbMXXffQ=,Bl60XuZBMoJ5WLaYwzoSvKS3ZWE=
13,15,eZgol2V1SWsk5sUC0MhUbMXXffQ=,gIFrTQcbFij2E/8MXn0QiGC3WHg=
13,30,eZgol2V1SWsk5sUC0MhUbMXXffQ=,Bl60XuZBMoJ5WLaYwzoSvKS3ZWE=
13,14,eZgol2V1SWsk5sUC0MhUbMXXffQ=,gIFrTQcbFij2E/8MXn0QiGC3WHg=
13,25,eZgol2V1SWsk5sUC0MhUbMXXffQ=,Bl60XuZBMoJ5WLaYwzoSvKS3ZWE=
13,24,eZgol2V1SWsk5sUC0MhUbMXXffQ=,F7kNjQ0RE6Dquzi9r3WKjPTfg58=
13,27,eZgol2V1SWsk5sUC0MhUbMXXffQ=,aIctzmkvqPwgVEEYTE3ZWJgs0wI=
13,26,eZgol2V1SWsk5sUC0MhUbMXXffQ=,aIctzmkvqPwgVEEYTE3ZWJgs0wI=
13,21,eZgol2V1SWsk5sUC0MhUbMXXffQ=,mQ9hppuHrDXtAecBfFBac8Q33os=
13,20,eZgol2V1SWsk5sUC0MhUbMXXffQ=,aIctzmkvqPwgVEEYTE3ZWJgs0wI=
13,23,eZgol2V1SWsk5sUC0MhUbMXXffQ=,aIctzmkvqPwgVEEYTE3ZWJgs0wI=
13,22,eZgol2V1SWsk5sUC0MhUbMXXffQ=,aIctzmkvqPwgVEEYTE3ZWJgs0wI=
13,17,eZgol2V1SWsk5sUC0MhUbMXXffQ=,aIctzmkvqPwgVEEYTE3ZWJgs0wI=
13,16,eZgol2V1SWsk5sUC0MhUbMXXffQ=,mQ9hppuHrDXtAecBfFBac8Q33os=
13,19,eZgol2V1SWsk5sUC0MhUbMXXffQ=,aIctzmkvqPwgVEEYTE3ZWJgs0wI=
13,18,eZgol2V1SWsk5sUC0MhUbMXXffQ=,mQ9hppuHrDXtAecBfFBac8Q33os=
14,30,eZgol2V1SWsk5sUC0MhUbMXXffQ=,ymqndCkyQ1BKwCtwhBVFmxFeras=
14,14,eZgol2V1SWsk5sUC0MhUbMXXffQ=,uQQIKhh7ROuu/gq/RZMKDd+OYDU=
14,31,eZgol2V1SWsk5sUC0MhUbMXXffQ=,uLMnDkV4Hn6r3WfdoLKXQ90F19E=
14,15,eZgol2V1SWsk5sUC0MhUbMXXffQ=,W3EDXV4/gF1RKYbXkDQpNcj+1ls=
14,28,eZgol2V1SWsk5sUC0MhUbMXXffQ=,ymqndCkyQ1BKwCtwhBVFmxFeras=
14,12,eZgol2V1SWsk5sUC0MhUbMXXffQ=,h0gPGTxpII/ahnRjdy01gExbcd8=
14,29,eZgol2V1SWsk5sUC0MhUbMXXffQ=,yBso0p/oJpQGvt+iDaNFCYWbw6Y=
14,13,eZgol2V1SWsk5sUC0MhUbMXXffQ=,VwHv/hj2Yj1gNEYtVv7Gj8wFceY=
14,26,eZgol2V1SWsk5sUC0MhUbMXXffQ=,yBso0p/oJpQGvt+iDaNFCYWbw6Y=
14,11,eZgol2V1SWsk5sUC0MhUbMXXffQ=,goLIhCwXfGPe1p+4WmWUREGTKMs=
14,27,eZgol2V1SWsk5sUC0MhUbMXXffQ=,m3FEt6hm+xe0a2fdVsHUINcq7Lo=
14,24,eZgol2V1SWsk5sUC0MhUbMXXffQ=,yBso0p/oJpQGvt+iDaNFCYWbw6Y=
14,25,eZgol2V1SWsk5sUC0MhUbMXXffQ=,m3FEt6hm+xe0a2fdVsHUINcq7Lo=
14,9,eZgol2V1SWsk5sUC0MhUbMXXffQ=,goLIhCwXfGPe1p+4WmWUREGTKMs=
14,22,eZgol2V1SWsk5sUC0MhUbMXXffQ=,yBso0p/oJpQGvt+iDaNFCYWbw6Y=
14,6,eZgol2V1SWsk5sUC0MhUbMXXffQ=,goLIhCwXfGPe1p+4WmWUREGTKMs=
14,23,eZgol2V1SWsk5sUC0MhUbMXXffQ=,yBso0p/oJpQGvt+iDaNFCYWbw6Y=
14,7,eZgol2V1SWsk5sUC0MhUbMXXffQ=,goLIhCwXfGPe1p+4WmWUREGTKMs=
14,20,eZgol2V1SWsk5sUC0MhUbMXXffQ=,PbkXCRJp+KXYBymLgtFipmMjeBw=
14,4,eZgol2V1SWsk5sUC0MhUbMXXffQ=,goLIhCwXfGPe1p+4WmWUREGTKMs=
14,21,eZgol2V1SWsk5sUC0MhUbMXXffQ=,aR95+HHLupsInn6yUU9YGLlIMMU=
14,18,eZgol2V1SWsk5sUC0MhUbMXXffQ=,aR95+HHLupsInn6yUU9YGLlIMMU=
14,19,eZgol2V1SWsk5sUC0MhUbMXXffQ=,aR95+HHLupsInn6yUU9YGLlIMMU=
14,3,eZgol2V1SWsk5sUC0MhUbMXXffQ=,goLIhCwXfGPe1p+4WmWUREGTKMs=
14,16,eZgol2V1SWsk5sUC0MhUbMXXffQ=,aR95+HHLupsInn6yUU9YGLlIMMU=
14,0,eZgol2V1SWsk5sUC0MhUbMXXffQ=,goLIhCwXfGPe1p+4WmWUREGTKMs=
14,17,eZgol2V1SWsk5sUC0MhUbMXXffQ=,aR95+HHLupsInn6yUU9YGLlIMMU=
14,1,eZgol2V1SWsk5sUC0MhUbMXXffQ=,goLIhCwXfGPe1p+4WmWUREGTKMs=
15,15,eZgol2V1SWsk5sUC0MhUbMXXffQ=,7DesocH19T9AiVegLXztKucD4KM=
15,31,eZgol2V1SWsk5sUC0MhUbMXXffQ=,TFDG8kS7pXPgxWicfXGp4/IZ9eY=
15,30,eZgol2V1SWsk5sUC0MhUbMXXffQ=,7DesocH19T9AiVegLXztKucD4KM=
15,29,eZgol2V1SWsk5sUC0MhUbMXXffQ=,kqAWmXrribE2VmxRSFUnV9f0Ync=
15,13,eZgol2V1SWsk5sUC0MhUbMXXffQ=,sm+wYg4Li1JnmFPJv0ZYwDcLH4g=
15,28,eZgol2V1SWsk5sUC0MhUbMXXffQ=,7DesocH19T9AiVegLXztKucD4KM=
15,27,eZgol2V1SWsk5sUC0MhUbMXXffQ=,7DesocH19T9AiVegLXztKucD4KM=
15,26,eZgol2V1SWsk5sUC0MhUbMXXffQ=,TFDG8kS7pXPgxWicfXGp4/IZ9eY=
15,25,eZgol2V1SWsk5sUC0MhUbMXXffQ=,7DesocH19T9AiVegLXztKucD4KM=
15,24,eZgol2V1SWsk5sUC0MhUbMXXffQ=,7DesocH19T9AiVegLXztKucD4KM=
15,23,mwO9totkQJTQyN60V4y26UwRztc=,7DesocH19T9AiVegLXztKucD4KM=
15,22,mwO9totkQJTQyN60V4y26UwRztc=,7DesocH19T9AiVegLXztKucD4KM=
15,20,mwO9totkQJTQyN60V4y26UwRztc=,DEjJUe2aHPqnlMhG87XY+FmCaQg=
15,19,mwO9totkQJTQyN60V4y26UwRztc=,F9lWsNJW9AiZGR7SqKNG8FN+lQM=
15,18,mwO9totkQJTQyN60V4y26UwRztc=,H4TL1NYQmtBf+KNPwOaMYxUOe5M=
15,17,mwO9totkQJTQyN60V4y26UwRztc=,THpHtOGQLGCJ58lrXaKRt6Ong+g=
15,16,mwO9totkQJTQyN60V4y26UwRztc=,F9lWsNJW9AiZGR7SqKNG8FN+lQM=
15,14,mwO9totkQJTQyN60V4y26UwRztc=,kqAWmXrribE2VmxRSFUnV9f0Ync=
15,12,mwO9totkQJTQyN60V4y26UwRztc=,sm+wYg4Li1JnmFPJv0ZYwDcLH4g=
15,11,mwO9totkQJTQyN60V4y26UwRztc=,sm+wYg4Li1JnmFPJv0ZYwDcLH4g=
15,9,mwO9totkQJTQyN60V4y26UwRztc=,sm+wYg4Li1JnmFPJv0ZYwDcLH4g=
15,8,mwO9totkQJTQyN60V4y26UwRztc=,sm+wYg4Li1JnmFPJv0ZYwDcLH4g=
15,6,mwO9totkQJTQyN60V4y26UwRztc=,sm+wYg4Li1JnmFPJv0ZYwDcLH4g=
15,21,mwO9totkQJTQyN60V4y26UwRztc=,kqAWmXrribE2VmxRSFUnV9f0Ync=
15,4,mwO9totkQJTQyN60V4y26UwRztc=,sm+wYg4Li1JnmFPJv0ZYwDcLH4g=
15,3,mwO9totkQJTQyN60V4y26UwRztc=,GU2MYyF3C9bzcgHhZJaqcBdxIM4=
15,1,mwO9totkQJTQyN60V4y26UwRztc=,GU2MYyF3C9bzcgHhZJaqcBdxIM4=
15,0,mwO9totkQJTQyN60V4y26UwRztc=,GU2MYyF3C9bzcgHhZJaqcBdxIM4=
16,16,mwO9totkQJTQyN60V4y26UwRztc=,0SCwtlZn2HsLD1droHQjbsByHQE=
16,17,mwO9totkQJTQyN60V4y26UwRztc=,0SCwtlZn2HsLD1droHQjbsByHQE=
16,18,mwO9totkQJTQyN60V4y26UwRztc=,0F325oANxutqNpnyEdEe8MsDF4g=
16,19,mwO9totkQJTQyN60V4y26UwRztc=,hOYCi3bs3MG9c+BfNxjQm0Mne48=
16,20,mwO9totkQJTQyN60V4y26UwRztc=,0SCwtlZn2HsLD1droHQjbsByHQE=
16,21,mwO9totkQJTQyN60V4y26UwRztc=,0SCwtlZn2HsLD1droHQjbsByHQE=
16,22,mwO9totkQJTQyN60V4y26UwRztc=,0SCwtlZn2HsLD1droHQjbsByHQE=
16,23,mwO9totkQJTQyN60V4y26UwRztc=,0SCwtlZn2HsLD1droHQjbsByHQE=
16,24,mwO9totkQJTQyN60V4y26UwRztc=,0SCwtlZn2HsLD1droHQjbsByHQE=
16,25,mwO9totkQJTQyN60V4y26UwRztc=,0F325oANxutqNpnyEdEe8MsDF4g=
16,26,mwO9totkQJTQyN60V4y26UwRztc=,0SCwtlZn2HsLD1droHQjbsByHQE=
16,27,mwO9totkQJTQyN60V4y26UwRztc=,0SCwtlZn2HsLD1droHQjbsByHQE=
16,28,mwO9totkQJTQyN60V4y26UwRztc=,0SCwtlZn2HsLD1droHQjbsByHQE=
16,29,mwO9totkQJTQyN60V4y26UwRztc=,0F325oANxutqNpnyEdEe8MsDF4g=
16,30,mwO9totkQJTQyN60V4y26UwRztc=,0SCwtlZn2HsLD1droHQjbsByHQE=
16,31,mwO9totkQJTQyN60V4y26UwRztc=,0SCwtlZn2HsLD1droHQjbsByHQE=
16,13,mwO9totkQJTQyN60V4y26UwRztc=,XqDg4KWR5Ag6W6AKYj5kcSmln2c=
16,14,mwO9totkQJTQyN60V4y26UwRztc=,0SCwtlZn2HsLD1droHQjbsByHQE=
16,15,mwO9totkQJTQyN60V4y26UwRztc=,0SCwtlZn2HsLD1droHQjbsByHQE=
17,17,mwO9totkQJTQyN60V4y26UwRztc=,6ht7Q11GqaPNAJz2Yw/W4cZlDb8=
17,16,mwO9totkQJTQyN60V4y26UwRztc=,6ht7Q11GqaPNAJz2Yw/W4cZlDb8=
17,19,mwO9totkQJTQyN60V4y26UwRztc=,6ht7Q11GqaPNAJz2Yw/W4cZlDb8=
17,18,mwO9totkQJTQyN60V4y26UwRztc=,6ht7Q11GqaPNAJz2Yw/W4cZlDb8=
17,21,mwO9totkQJTQyN60V4y26UwRztc=,6ht7Q11GqaPNAJz2Yw/W4cZlDb8=
17,20,mwO9totkQJTQyN60V4y26UwRztc=,6ht7Q11GqaPNAJz2Yw/W4cZlDb8=
17,23,mwO9totkQJTQyN60V4y26UwRztc=,6ht7Q11GqaPNAJz2Yw/W4cZlDb8=
17,22,mwO9totkQJTQyN60V4y26UwRztc=,6ht7Q11GqaPNAJz2Yw/W4cZlDb8=
17,25,mwO9totkQJTQyN60V4y26UwRztc=,6ht7Q11GqaPNAJz2Yw/W4cZlDb8=
17,24,mwO9totkQJTQyN60V4y26UwRztc=,L3FMfPdqvp51AeLCLMK7RP3vI5s=
17,27,mwO9totkQJTQyN60V4y26UwRztc=,AFQX6UeEi1b8zpBcz9XZJBbnmSE=
17,26,mwO9totkQJTQyN60V4y26UwRztc=,dRtgohLbURg9PwkohOJseI8Z8KM=
17,29,mwO9totkQJTQyN60V4y26UwRztc=,kk7qkBudin364n21HQZ0HuYPZUA=
17,28,mwO9totkQJTQyN60V4y26UwRztc=,AFQX6UeEi1b8zpBcz9XZJBbnmSE=
17,31,M2BTLIYvmtJeg/h/rYL1YoM3JBU=,AFQX6UeEi1b8zpBcz9XZJBbnmSE=
17,30,M2BTLIYvmtJeg/h/rYL1YoM3JBU=,AFQX6UeEi1b8zpBcz9XZJBbnmSE=
17,1,M2BTLIYvmtJeg/h/rYL1YoM3JBU=,5BnpN4DPqpMNNQ0HL/2lq84cFZ0=
17,0,M2BTLIYvmtJeg/h/rYL1YoM3JBU=,5BnpN4DPqpMNNQ0HL/2lq84cFZ0=
17,3,M2BTLIYvmtJeg/h/rYL1YoM3JBU=,5BnpN4DPqpMNNQ0HL/2lq84cFZ0=
17,4,M2BTLIYvmtJeg/h/rYL1YoM3JBU=,5BnpN4DPqpMNNQ0HL/2lq84cFZ0=
17,7,M2BTLIYvmtJeg/h/rYL1YoM3JBU=,5BnpN4DPqpMNNQ0HL/2lq84cFZ0=
17,6,M2BTLIYvmtJeg/h/rYL1YoM3JBU=,5BnpN4DPqpMNNQ0HL/2lq84cFZ0=
17,9,M2BTLIYvmtJeg/h/rYL1YoM3JBU=,5BnpN4DPqpMNNQ0HL/2lq84cFZ0=
17,11,M2BTLIYvmtJeg/h/rYL1YoM3JBU=,5BnpN4DPqpMNNQ0HL/2lq84cFZ0=
17,13,M2BTLIYvmtJeg/h/rYL1YoM3JBU=,bII20B1dD25s+8Qtfl8aWxEhE4Y=
17,12,M2BTLIYvmtJeg/h/rYL1YoM3JBU=,5BnpN4DPqpMNNQ0HL/2lq84cFZ0=
17,15,M2BTLIYvmtJeg/h/rYL1YoM3JBU=,dRtgohLbURg9PwkohOJseI8Z8KM=
17,14,M2BTLIYvmtJeg/h/rYL1YoM3JBU=,AFQX6UeEi1b8zpBcz9XZJBbnmSE=
18,18,M2BTLIYvmtJeg/h/rYL1YoM3JBU=,dL39IRvHoMxJsj7elpULzyzVQTM=
18,19,M2BTLIYvmtJeg/h/rYL1YoM3JBU=,Er3v9QGq1BLEV+8K87VWHqvy2aY=
18,17,M2BTLIYvmtJeg/h/rYL1YoM3JBU=,dL39IRvHoMxJsj7elpULzyzVQTM=
18,22,M2BTLIYvmtJeg/h/rYL1YoM3JBU=,htpBx223uQBWHBn5FqJFjeM/zZ4=
18,23,M2BTLIYvmtJeg/h/rYL1YoM3JBU=,NqqlRavXaRUAybenItR61BgLcvw=
18,20,M2BTLIYvmtJeg/h/rYL1YoM3JBU=,J5iQa8GNUUZ+LDTuw0G7YddeYNc=
18,21,M2BTLIYvmtJeg/h/rYL1YoM3JBU=,NqqlRavXaRUAybenItR61BgLcvw=
18,26,M2BTLIYvmtJeg/h/rYL1YoM3JBU=,NqqlRavXaRUAybenItR61BgLcvw=
18,27,M2BTLIYvmtJeg/h/rYL1YoM3JBU=,taDn/A4XqZhAsirTrTePO0J+puI=
18,24,M2BTLIYvmtJeg/h/rYL1YoM3JBU=,NqqlRavXaRUAybenItR61BgLcvw=
18,25,M2BTLIYvmtJeg/h/rYL1YoM3JBU=,NqqlRavXaRUAybenItR61BgLcvw=
18,30,M2BTLIYvmtJeg/h/rYL1YoM3JBU=,taDn/A4XqZhAsirTrTePO0J+puI=
18,31,M2BTLIYvmtJeg/h/rYL1YoM3JBU=,NqqlRavXaRUAybenItR61BgLcvw=
18,28,M2BTLIYvmtJeg/h/rYL1YoM3JBU=,NqqlRavXaRUAybenItR61BgLcvw=
18,29,M2BTLIYvmtJeg/h/rYL1YoM3JBU=,LjX9a0bt6v4Gdkeb99lPsTf3st0=
18,14,M2BTLIYvmtJeg/h/rYL1YoM3JBU=,J5iQa8GNUUZ+LDTuw0G7YddeYNc=
18,15,M2BTLIYvmtJeg/h/rYL1YoM3JBU=,NqqlRavXaRUAybenItR61BgLcvw=
18,13,M2BTLIYvmtJeg/h/rYL1YoM3JBU=,T1NIHA9x+frY7+E9eJyOfc2hqek=
19,19,M2BTLIYvmtJeg/h/rYL1YoM3JBU=,NqqlRavXaRUAybenItR61BgLcvw=
19,18,M2BTLIYvmtJeg/h/rYL1YoM3JBU=,taDn/A4XqZhAsirTrTePO0J+puI=
18,3,M2BTLIYvmtJeg/h/rYL1YoM3JBU=,T1NIHA9x+frY7+E9eJyOfc2hqek=
19,17,M2BTLIYvmtJeg/h/rYL1YoM3JBU=,NqqlRavXaRUAybenItR61BgLcvw=
18,0,M2BTLIYvmtJeg/h/rYL1YoM3JBU=,T1NIHA9x+frY7+E9eJyOfc2hqek=
19,16,M2BTLIYvmtJeg/h/rYL1YoM3JBU=,NqqlRavXaRUAybenItR61BgLcvw=
18,1,M2BTLIYvmtJeg/h/rYL1YoM3JBU=,T1NIHA9x+frY7+E9eJyOfc2hqek=
19,23,M2BTLIYvmtJeg/h/rYL1YoM3JBU=,NqqlRavXaRUAybenItR61BgLcvw=
18,6,M2BTLIYvmtJeg/h/rYL1YoM3JBU=,T1NIHA9x+frY7+E9eJyOfc2hqek=
19,22,M2BTLIYvmtJeg/h/rYL1YoM3JBU=,NqqlRavXaRUAybenItR61BgLcvw=
18,7,M2BTLIYvmtJeg/h/rYL1YoM3JBU=,T1NIHA9x+frY7+E9eJyOfc2hqek=
19,21,M2BTLIYvmtJeg/h/rYL1YoM3JBU=,NqqlRavXaRUAybenItR61BgLcvw=
18,4,M2BTLIYvmtJeg/h/rYL1YoM3JBU=,T1NIHA9x+frY7+E9eJyOfc2hqek=
19,20,M2BTLIYvmtJeg/h/rYL1YoM3JBU=,J5iQa8GNUUZ+LDTuw0G7YddeYNc=
19,27,M2BTLIYvmtJeg/h/rYL1YoM3JBU=,urvQ2O+58sDmsm4dUO9ce19boso=
19,26,M2BTLIYvmtJeg/h/rYL1YoM3JBU=,NqqlRavXaRUAybenItR61BgLcvw=
18,11,M2BTLIYvmtJeg/h/rYL1YoM3JBU=,+ttQFSaE8u8PkfT6mS2PkHfuXGA=
19,25,M2BTLIYvmtJeg/h/rYL1YoM3JBU=,bK1ArvBaqIa5VPaNBUVs/Mgx2bY=
19,24,M2BTLIYvmtJeg/h/rYL1YoM3JBU=,bK1ArvBaqIa5VPaNBUVs/Mgx2bY=
19,31,M2BTLIYvmtJeg/h/rYL1YoM3JBU=,JzchEtIKWkabcpf/a+bK+EKJCkI=
19,30,M2BTLIYvmtJeg/h/rYL1YoM3JBU=,JzchEtIKWkabcpf/a+bK+EKJCkI=
19,29,M2BTLIYvmtJeg/h/rYL1YoM3JBU=,JzchEtIKWkabcpf/a+bK+EKJCkI=
18,12,M2BTLIYvmtJeg/h/rYL1YoM3JBU=,+ttQFSaE8u8PkfT6mS2PkHfuXGA=
19,28,M2BTLIYvmtJeg/h/rYL1YoM3JBU=,bK1ArvBaqIa5VPaNBUVs/Mgx2bY=
18,16,M2BTLIYvmtJeg/h/rYL1YoM3JBU=,JwEL3M2daz0bGxCUoqQxiZ+wI1E=
19,9,M2BTLIYvmtJeg/h/rYL1YoM3JBU=,+ttQFSaE8u8PkfT6mS2PkHfuXGA=
19,15,M2BTLIYvmtJeg/h/rYL1YoM3JBU=,bK1ArvBaqIa5VPaNBUVs/Mgx2bY=
19,14,M2BTLIYvmtJeg/h/rYL1YoM3JBU=,JzchEtIKWkabcpf/a+bK+EKJCkI=
19,13,M2BTLIYvmtJeg/h/rYL1YoM3JBU=,JwEL3M2daz0bGxCUoqQxiZ+wI1E=
20,20,M2BTLIYvmtJeg/h/rYL1YoM3JBU=,tPz3lPZC8J4mbgAXFmsIxW+OOJ0=
20,21,M2BTLIYvmtJeg/h/rYL1YoM3JBU=,IMOe9uvDz7F9cgU0Qnmr8Fpd/KM=
20,22,M2BTLIYvmtJeg/h/rYL1YoM3JBU=,tPz3lPZC8J4mbgAXFmsIxW+OOJ0=
20,23,M2BTLIYvmtJeg/h/rYL1YoM3JBU=,tPz3lPZC8J4mbgAXFmsIxW+OOJ0=
20,16,M2BTLIYvmtJeg/h/rYL1YoM3JBU=,tPz3lPZC8J4mbgAXFmsIxW+OOJ0=
20,17,M2BTLIYvmtJeg/h/rYL1YoM3JBU=,tPz3lPZC8J4mbgAXFmsIxW+OOJ0=
20,18,M2BTLIYvmtJeg/h/rYL1YoM3JBU=,tPz3lPZC8J4mbgAXFmsIxW+OOJ0=
20,19,M2BTLIYvmtJeg/h/rYL1YoM3JBU=,tPz3lPZC8J4mbgAXFmsIxW+OOJ0=
20,28,M2BTLIYvmtJeg/h/rYL1YoM3JBU=,tPz3lPZC8J4mbgAXFmsIxW+OOJ0=
20,29,M2BTLIYvmtJeg/h/rYL1YoM3JBU=,tPz3lPZC8J4mbgAXFmsIxW+OOJ0=
20,30,M2BTLIYvmtJeg/h/rYL1YoM3JBU=,tPz3lPZC8J4mbgAXFmsIxW+OOJ0=
20,31,M2BTLIYvmtJeg/h/rYL1YoM3JBU=,tPz3lPZC8J4mbgAXFmsIxW+OOJ0=
20,24,M2BTLIYvmtJeg/h/rYL1YoM3JBU=,tPz3lPZC8J4mbgAXFmsIxW+OOJ0=
20,25,M2BTLIYvmtJeg/h/rYL1YoM3JBU=,tPz3lPZC8J4mbgAXFmsIxW+OOJ0=
20,26,M2BTLIYvmtJeg/h/rYL1YoM3JBU=,huaVMq038dWZw6MpiN+zOwVsjv0=
20,27,M2BTLIYvmtJeg/h/rYL1YoM3JBU=,tPz3lPZC8J4mbgAXFmsIxW+OOJ0=
20,13,M2BTLIYvmtJeg/h/rYL1YoM3JBU=,+ttQFSaE8u8PkfT6mS2PkHfuXGA=
20,14,M2BTLIYvmtJeg/h/rYL1YoM3JBU=,tPz3lPZC8J4mbgAXFmsIxW+OOJ0=
20,15,M2BTLIYvmtJeg/h/rYL1YoM3JBU=,tPz3lPZC8J4mbgAXFmsIxW+OOJ0=
21,21,M2BTLIYvmtJeg/h/rYL1YoM3JBU=,tPz3lPZC8J4mbgAXFmsIxW+OOJ0=
21,20,M2BTLIYvmtJeg/h/rYL1YoM3JBU=,tPz3lPZC8J4mbgAXFmsIxW+OOJ0=
21,23,M2BTLIYvmtJeg/h/rYL1YoM3JBU=,tPz3lPZC8J4mbgAXFmsIxW+OOJ0=
21,22,M2BTLIYvmtJeg/h/rYL1YoM3JBU=,tPz3lPZC8J4mbgAXFmsIxW+OOJ0=
21,17,M2BTLIYvmtJeg/h/rYL1YoM3JBU=,tPz3lPZC8J4mbgAXFmsIxW+OOJ0=
21,16,M2BTLIYvmtJeg/h/rYL1YoM3JBU=,tPz3lPZC8J4mbgAXFmsIxW+OOJ0=
21,19,M2BTLIYvmtJeg/h/rYL1YoM3JBU=,Zdy9VfiNEELc97A7KCzvRSKrYDw=
21,18,M2BTLIYvmtJeg/h/rYL1YoM3JBU=,Zdy9VfiNEELc97A7KCzvRSKrYDw=
21,29,M2BTLIYvmtJeg/h/rYL1YoM3JBU=,vRh8Gb1fElY90URCt+ev9i84FbI=
21,28,M2BTLIYvmtJeg/h/rYL1YoM3JBU=,Zdy9VfiNEELc97A7KCzvRSKrYDw=
21,31,M2BTLIYvmtJeg/h/rYL1YoM3JBU=,Zdy9VfiNEELc97A7KCzvRSKrYDw=
21,30,2xmuiIOzzBshINz3NzOPpB2ulHk=,Zdy9VfiNEELc97A7KCzvRSKrYDw=
21,25,2xmuiIOzzBshINz3NzOPpB2ulHk=,Zdy9VfiNEELc97A7KCzvRSKrYDw=
21,24,2xmuiIOzzBshINz3NzOPpB2ulHk=,vRh8Gb1fElY90URCt+ev9i84FbI=
21,27,2xmuiIOzzBshINz3NzOPpB2ulHk=,Zdy9VfiNEELc97A7KCzvRSKrYDw=
21,26,2xmuiIOzzBshINz3NzOPpB2ulHk=,Zdy9VfiNEELc97A7KCzvRSKrYDw=
21,15,2xmuiIOzzBshINz3NzOPpB2ulHk=,Zdy9VfiNEELc97A7KCzvRSKrYDw=
21,14,2xmuiIOzzBshINz3NzOPpB2ulHk=,Zdy9VfiNEELc97A7KCzvRSKrYDw=
22,22,2xmuiIOzzBshINz3NzOPpB2ulHk=,YZoy/8vzxxZWwz2zV78wmZZBn7M=
22,23,2xmuiIOzzBshINz3NzOPpB2ulHk=,YZoy/8vzxxZWwz2zV78wmZZBn7M=
22,20,2xmuiIOzzBshINz3NzOPpB2ulHk=,rs43iHIQcwWCabSPOynufREo2aU=
22,21,2xmuiIOzzBshINz3NzOPpB2ulHk=,YZoy/8vzxxZWwz2zV78wmZZBn7M=
22,18,2xmuiIOzzBshINz3NzOPpB2ulHk=,k+0q8M5URNqhOtsH7HRtAgWjvPE=
22,19,2xmuiIOzzBshINz3NzOPpB2ulHk=,rs43iHIQcwWCabSPOynufREo2aU=
22,16,2xmuiIOzzBshINz3NzOPpB2ulHk=,YZoy/8vzxxZWwz2zV78wmZZBn7M=
22,17,2xmuiIOzzBshINz3NzOPpB2ulHk=,rs43iHIQcwWCabSPOynufREo2aU=
22,30,2xmuiIOzzBshINz3NzOPpB2ulHk=,YZoy/8vzxxZWwz2zV78wmZZBn7M=
22,31,2xmuiIOzzBshINz3NzOPpB2ulHk=,k+0q8M5URNqhOtsH7HRtAgWjvPE=
22,28,2xmuiIOzzBshINz3NzOPpB2ulHk=,YZoy/8vzxxZWwz2zV78wmZZBn7M=
22,29,2xmuiIOzzBshINz3NzOPpB2ulHk=,k+0q8M5URNqhOtsH7HRtAgWjvPE=
22,26,2xmuiIOzzBshINz3NzOPpB2ulHk=,CKcfqYY9GcANW6UeUtfbEBOAzFA=
22,24,2xmuiIOzzBshINz3NzOPpB2ulHk=,rs43iHIQcwWCabSPOynufREo2aU=
22,25,2xmuiIOzzBshINz3NzOPpB2ulHk=,k+0q8M5URNqhOtsH7HRtAgWjvPE=
22,14,2xmuiIOzzBshINz3NzOPpB2ulHk=,YZoy/8vzxxZWwz2zV78wmZZBn7M=
22,15,2xmuiIOzzBshINz3NzOPpB2ulHk=,hLhhxxpWJ/B3rpgmIkPDuSuHRoU=
23,23,2xmuiIOzzBshINz3NzOPpB2ulHk=,YZoy/8vzxxZWwz2zV78wmZZBn7M=
23,22,2xmuiIOzzBshINz3NzOPpB2ulHk=,rs43iHIQcwWCabSPOynufREo2aU=
23,21,2xmuiIOzzBshINz3NzOPpB2ulHk=,YZoy/8vzxxZWwz2zV78wmZZBn7M=
23,20,2xmuiIOzzBshINz3NzOPpB2ulHk=,YZoy/8vzxxZWwz2zV78wmZZBn7M=
23,19,2xmuiIOzzBshINz3NzOPpB2ulHk=,YZoy/8vzxxZWwz2zV78wmZZBn7M=
23,17,2xmuiIOzzBshINz3NzOPpB2ulHk=,YZoy/8vzxxZWwz2zV78wmZZBn7M=
23,16,2xmuiIOzzBshINz3NzOPpB2ulHk=,YZoy/8vzxxZWwz2zV78wmZZBn7M=
23,31,2xmuiIOzzBshINz3NzOPpB2ulHk=,arWFqodKUazDLxALYUTVioPB1G4=
23,30,2xmuiIOzzBshINz3NzOPpB2ulHk=,arWFqodKUazDLxALYUTVioPB1G4=
23,29,2xmuiIOzzBshINz3NzOPpB2ulHk=,DsKAobpvApPJEEhzd1xxWSO/wKI=
23,28,2xmuiIOzzBshINz3NzOPpB2ulHk=,DsKAobpvApPJEEhzd1xxWSO/wKI=
23,27,2xmuiIOzzBshINz3NzOPpB2ulHk=,arWFqodKUazDLxALYUTVioPB1G4=
23,26,2xmuiIOzzBshINz3NzOPpB2ulHk=,arWFqodKUazDLxALYUTVioPB1G4=
23,25,2xmuiIOzzBshINz3NzOPpB2ulHk=,arWFqodKUazDLxALYUTVioPB1G4=
23,24,2xmuiIOzzBshINz3NzOPpB2ulHk=,arWFqodKUazDLxALYUTVioPB1G4=
23,15,2xmuiIOzzBshINz3NzOPpB2ulHk=,arWFqodKUazDLxALYUTVioPB1G4=
23,14,2xmuiIOzzBshINz3NzOPpB2ulHk=,arWFqodKUazDLxALYUTVioPB1G4=
22,27,2xmuiIOzzBshINz3NzOPpB2ulHk=,bY3R4/r8mIVpkKVrUE4uwMfnwQk=
24,24,2xmuiIOzzBshINz3NzOPpB2ulHk=,bY3R4/r8mIVpkKVrUE4uwMfnwQk=
24,25,2xmuiIOzzBshINz3NzOPpB2ulHk=,bY3R4/r8mIVpkKVrUE4uwMfnwQk=
24,26,2xmuiIOzzBshINz3NzOPpB2ulHk=,bY3R4/r8mIVpkKVrUE4uwMfnwQk=
24,27,2xmuiIOzzBshINz3NzOPpB2ulHk=,bY3R4/r8mIVpkKVrUE4uwMfnwQk=
24,28,2xmuiIOzzBshINz3NzOPpB2ulHk=,bY3R4/r8mIVpkKVrUE4uwMfnwQk=
24,29,2xmuiIOzzBshINz3NzOPpB2ulHk=,F/JrAOW4qzCbK2HPScPAUrHO8+c=
24,30,2xmuiIOzzBshINz3NzOPpB2ulHk=,bY3R4/r8mIVpkKVrUE4uwMfnwQk=
24,31,2xmuiIOzzBshINz3NzOPpB2ulHk=,bY3R4/r8mIVpkKVrUE4uwMfnwQk=
24,19,2xmuiIOzzBshINz3NzOPpB2ulHk=,bY3R4/r8mIVpkKVrUE4uwMfnwQk=
24,20,2xmuiIOzzBshINz3NzOPpB2ulHk=,bY3R4/r8mIVpkKVrUE4uwMfnwQk=
24,21,2xmuiIOzzBshINz3NzOPpB2ulHk=,bY3R4/r8mIVpkKVrUE4uwMfnwQk=
24,22,2xmuiIOzzBshINz3NzOPpB2ulHk=,bY3R4/r8mIVpkKVrUE4uwMfnwQk=
24,23,2xmuiIOzzBshINz3NzOPpB2ulHk=,bY3R4/r8mIVpkKVrUE4uwMfnwQk=
23,18,2xmuiIOzzBshINz3NzOPpB2ulHk=,F/JrAOW4qzCbK2HPScPAUrHO8+c=
