-47,-7,nvzX0uloYz1HmiEnOXqvpeYzCxQ=,55nJWWhVtcNkbTaJ5GU0/Y8obyo=
-46,-7,nvzX0uloYz1HmiEnOXqvpeYzCxQ=,55nJWWhVtcNkbTaJ5GU0/Y8obyo=
-44,-3,nvzX0uloYz1HmiEnOXqvpeYzCxQ=,weENz4l3xitjWHmKyIdlIaiLV0g=
-44,-4,nvzX0uloYz1HmiEnOXqvpeYzCxQ=,weENz4l3xitjWHmKyIdlIaiLV0g=
-43,-4,CEXQvxXKpEdoP8TQu3spoT5CfG8=,weENz4l3xitjWHmKyIdlIaiLV0g=
-43,-6,CEXQvxXKpEdoP8TQu3spoT5CfG8=,FJUJvUIyOag7E2DZYC3V6BD5+0Y=
-44,-5,CEXQvxXKpEdoP8TQu3spoT5CfG8=,FJUJvUIyOag7E2DZYC3V6BD5+0Y=
-46,-5,CEXQvxXKpEdoP8TQu3spoT5CfG8=,55nJWWhVtcNkbTaJ5GU0/Y8obyo=
-43,-5,CEXQvxXKpEdoP8TQu3spoT5CfG8=,FJUJvUIyOag7E2DZYC3V6BD5+0Y=
-44,-6,CEXQvxXKpEdoP8TQu3spoT5CfG8=,FJUJvUIyOag7E2DZYC3V6BD5+0Y=
-46,-6,CEXQvxXKpEdoP8TQu3spoT5CfG8=,55nJWWhVtcNkbTaJ5GU0/Y8obyo=
-43,-3,CEXQvxXKpEdoP8TQu3spoT5CfG8=,weENz4l3xitjWHmKyIdlIaiLV0g=
-45,-6,CEXQvxXKpEdoP8TQu3spoT5CfG8=,55nJWWhVtcNkbTaJ5GU0/Y8obyo=
-45,-3,CEXQvxXKpEdoP8TQu3spoT5CfG8=,XJDh17iYXoeMKBsKvzU7nws8YGU=
-46,-3,CEXQvxXKpEdoP8TQu3spoT5CfG8=,XJDh17iYXoeMKBsKvzU7nws8YGU=
-45,-5,CEXQvxXKpEdoP8TQu3spoT5CfG8=,55nJWWhVtcNkbTaJ5GU0/Y8obyo=
-45,-4,CEXQvxXKpEdoP8TQu3spoT5CfG8=,XJDh17iYXoeMKBsKvzU7nws8YGU=
-46,-4,CEXQvxXKpEdoP8TQu3spoT5CfG8=,XJDh17iYXoeMKBsKvzU7nws8YGU=
-41,-5,50CEQIAtHDyiQ3NydeRsKnVwAOg=,FJUJvUIyOag7E2DZYC3V6BD5+0Y=
-41,-4,50CEQIAtHDyiQ3NydeRsKnVwAOg=,weENz4l3xitjWHmKyIdlIaiLV0g=
-40,-5,50CEQIAtHDyiQ3NydeRsKnVwAOg=,iW0unJXLIX1fNM2N/ZBEaMAtwnc=
-39,-4,50CEQIAtHDyiQ3NydeRsKnVwAOg=,asDCpi7K0maYBycyydd5tKeLksI=
-40,-3,50CEQIAtHDyiQ3NydeRsKnVwAOg=,asDCpi7K0maYBycyydd5tKeLksI=
-39,-5,50CEQIAtHDyiQ3NydeRsKnVwAOg=,iW0unJXLIX1fNM2N/ZBEaMAtwnc=
-40,-4,50CEQIAtHDyiQ3NydeRsKnVwAOg=,asDCpi7K0maYBycyydd5tKeLksI=
-42,-6,50CEQIAtHDyiQ3NydeRsKnVwAOg=,FJUJvUIyOag7E2DZYC3V6BD5+0Y=
-41,-3,50CEQIAtHDyiQ3NydeRsKnVwAOg=,weENz4l3xitjWHmKyIdlIaiLV0g=
-42,-4,50CEQIAtHDyiQ3NydeRsKnVwAOg=,weENz4l3xitjWHmKyIdlIaiLV0g=
-42,-3,50CEQIAtHDyiQ3NydeRsKnVwAOg=,weENz4l3xitjWHmKyIdlIaiLV0g=
-42,-5,50CEQIAtHDyiQ3NydeRsKnVwAOg=,FJUJvUIyOag7E2DZYC3V6BD5+0Y=
-39,-3,50CEQIAtHDyiQ3NydeRsKnVwAOg=,asDCpi7K0maYBycyydd5tKeLksI=
-40,-6,a/ND4mmU39wXRAlk+Jy4CfM8ZP4=,iW0unJXLIX1fNM2N/ZBEaMAtwnc=
-41,-6,a/ND4mmU39wXRAlk+Jy4CfM8ZP4=,FJUJvUIyOag7E2DZYC3V6BD5+0Y=
-38,-5,a/ND4mmU39wXRAlk+Jy4CfM8ZP4=,iW0unJXLIX1fNM2N/ZBEaMAtwnc=
-35,-4,a/ND4mmU39wXRAlk+Jy4CfM8ZP4=,EEDm+wsyOzET4OPTmvo27zOGTH4=
-35,-5,a/ND4mmU39wXRAlk+Jy4CfM8ZP4=,t/hIOKcPXC3bGVnejogZqGUeBdY=
-38,-3,a/ND4mmU39wXRAlk+Jy4CfM8ZP4=,asDCpi7K0maYBycyydd5tKeLksI=
-37,-5,a/ND4mmU39wXRAlk+Jy4CfM8ZP4=,iW0unJXLIX1fNM2N/ZBEaMAtwnc=
-39,-6,a/ND4mmU39wXRAlk+Jy4CfM8ZP4=,iW0unJXLIX1fNM2N/ZBEaMAtwnc=
-38,-6,a/ND4mmU39wXRAlk+Jy4CfM8ZP4=,iW0unJXLIX1fNM2N/ZBEaMAtwnc=
-36,-6,a/ND4mmU39wXRAlk+Jy4CfM8ZP4=,t/hIOKcPXC3bGVnejogZqGUeBdY=
-37,-6,a/ND4mmU39wXRAlk+Jy4CfM8ZP4=,iW0unJXLIX1fNM2N/ZBEaMAtwnc=
-35,-6,a/ND4mmU39wXRAlk+Jy4CfM8ZP4=,t/hIOKcPXC3bGVnejogZqGUeBdY=
-37,-4,a/ND4mmU39wXRAlk+Jy4CfM8ZP4=,asDCpi7K0maYBycyydd5tKeLksI=
-38,-4,a/ND4mmU39wXRAlk+Jy4CfM8ZP4=,asDCpi7K0maYBycyydd5tKeLksI=
-36,-5,a/ND4mmU39wXRAlk+Jy4CfM8ZP4=,t/hIOKcPXC3bGVnejogZqGUeBdY=
-36,-4,a/ND4mmU39wXRAlk+Jy4CfM8ZP4=,EEDm+wsyOzET4OPTmvo27zOGTH4=
-36,-3,a/ND4mmU39wXRAlk+Jy4CfM8ZP4=,EEDm+wsyOzET4OPTmvo27zOGTH4=
-37,-3,a/ND4mmU39wXRAlk+Jy4CfM8ZP4=,asDCpi7K0maYBycyydd5tKeLksI=
-35,-3,a/ND4mmU39wXRAlk+Jy4CfM8ZP4=,EEDm+wsyOzET4OPTmvo27zOGTH4=
-38,-7,HUf9bZFE5wmeoQxrYrw04eHmuwA=,iW0unJXLIX1fNM2N/ZBEaMAtwnc=
-37,-7,XMAGBtWtnbF8NWYZuY3B4O5HtAU=,iW0unJXLIX1fNM2N/ZBEaMAtwnc=
-38,-8,XMAGBtWtnbF8NWYZuY3B4O5HtAU=,iW0unJXLIX1fNM2N/ZBEaMAtwnc=
-38,-10,XMAGBtWtnbF8NWYZuY3B4O5HtAU=,Bd5tBaXjT0KQ/Awx/M6IbK/rRXY=
-35,-7,XMAGBtWtnbF8NWYZuY3B4O5HtAU=,t/hIOKcPXC3bGVnejogZqGUeBdY=
-36,-7,XMAGBtWtnbF8NWYZuY3B4O5HtAU=,t/hIOKcPXC3bGVnejogZqGUeBdY=
-38,-9,XMAGBtWtnbF8NWYZuY3B4O5HtAU=,Bd5tBaXjT0KQ/Awx/M6IbK/rRXY=
-37,-8,XMAGBtWtnbF8NWYZuY3B4O5HtAU=,iW0unJXLIX1fNM2N/ZBEaMAtwnc=
-37,-10,XMAGBtWtnbF8NWYZuY3B4O5HtAU=,Bd5tBaXjT0KQ/Awx/M6IbK/rRXY=
-36,-9,XMAGBtWtnbF8NWYZuY3B4O5HtAU=,WAVMdp7WeJQ4+wE+WxCUAMcVEPY=
-35,-9,XMAGBtWtnbF8NWYZuY3B4O5HtAU=,WAVMdp7WeJQ4+wE+WxCUAMcVEPY=
-35,-10,XMAGBtWtnbF8NWYZuY3B4O5HtAU=,WAVMdp7WeJQ4+wE+WxCUAMcVEPY=
-35,-8,XMAGBtWtnbF8NWYZuY3B4O5HtAU=,t/hIOKcPXC3bGVnejogZqGUeBdY=
-37,-9,XMAGBtWtnbF8NWYZuY3B4O5HtAU=,Bd5tBaXjT0KQ/Awx/M6IbK/rRXY=
-36,-8,XMAGBtWtnbF8NWYZuY3B4O5HtAU=,t/hIOKcPXC3bGVnejogZqGUeBdY=
-36,-10,XMAGBtWtnbF8NWYZuY3B4O5HtAU=,WAVMdp7WeJQ4+wE+WxCUAMcVEPY=
-36,-12,XMAGBtWtnbF8NWYZuY3B4O5HtAU=,WAVMdp7WeJQ4+wE+WxCUAMcVEPY=
-37,-14,XMAGBtWtnbF8NWYZuY3B4O5HtAU=,PGNRmrceOT7js+gQ8uq1i5rJL1A=
-36,-14,XMAGBtWtnbF8NWYZuY3B4O5HtAU=,gVenkh9ruxodSG/4BdMQL3dk8q4=
-38,-13,XMAGBtWtnbF8NWYZuY3B4O5HtAU=,PGNRmrceOT7js+gQ8uq1i5rJL1A=
-37,-12,XMAGBtWtnbF8NWYZuY3B4O5HtAU=,Bd5tBaXjT0KQ/Awx/M6IbK/rRXY=
-37,-11,XMAGBtWtnbF8NWYZuY3B4O5HtAU=,Bd5tBaXjT0KQ/Awx/M6IbK/rRXY=
-35,-11,XMAGBtWtnbF8NWYZuY3B4O5HtAU=,WAVMdp7WeJQ4+wE+WxCUAMcVEPY=
-38,-11,XMAGBtWtnbF8NWYZuY3B4O5HtAU=,Bd5tBaXjT0KQ/Awx/M6IbK/rRXY=
-38,-12,XMAGBtWtnbF8NWYZuY3B4O5HtAU=,Bd5tBaXjT0KQ/Awx/M6IbK/rRXY=
-36,-13,XMAGBtWtnbF8NWYZuY3B4O5HtAU=,gVenkh9ruxodSG/4BdMQL3dk8q4=
-36,-11,XMAGBtWtnbF8NWYZuY3B4O5HtAU=,WAVMdp7WeJQ4+wE+WxCUAMcVEPY=
-38,-14,XMAGBtWtnbF8NWYZuY3B4O5HtAU=,PGNRmrceOT7js+gQ8uq1i5rJL1A=
-37,-13,n/1OYlewTxv5tMg6EocI/gCBQHk=,PGNRmrceOT7js+gQ8uq1i5rJL1A=
-35,-13,n/1OYlewTxv5tMg6EocI/gCBQHk=,gVenkh9ruxodSG/4BdMQL3dk8q4=
-35,-12,n/1OYlewTxv5tMg6EocI/gCBQHk=,WAVMdp7WeJQ4+wE+WxCUAMcVEPY=
-35,-14,n/1OYlewTxv5tMg6EocI/gCBQHk=,gVenkh9ruxodSG/4BdMQL3dk8q4=
-43,-10,rb9AU7ZKuscFudHLFcDNYGhhT7s=,4o1uOKeHnkE1BZ2S/zR52hgwmRU=
-40,-9,rb9AU7ZKuscFudHLFcDNYGhhT7s=,Bd5tBaXjT0KQ/Awx/M6IbK/rRXY=
-39,-7,rb9AU7ZKuscFudHLFcDNYGhhT7s=,iW0unJXLIX1fNM2N/ZBEaMAtwnc=
-42,-10,rb9AU7ZKuscFudHLFcDNYGhhT7s=,4o1uOKeHnkE1BZ2S/zR52hgwmRU=
-42,-7,rb9AU7ZKuscFudHLFcDNYGhhT7s=,FJUJvUIyOag7E2DZYC3V6BD5+0Y=
-39,-9,rb9AU7ZKuscFudHLFcDNYGhhT7s=,Bd5tBaXjT0KQ/Awx/M6IbK/rRXY=
-40,-7,rb9AU7ZKuscFudHLFcDNYGhhT7s=,iW0unJXLIX1fNM2N/ZBEaMAtwnc=
-39,-10,rb9AU7ZKuscFudHLFcDNYGhhT7s=,Bd5tBaXjT0KQ/Awx/M6IbK/rRXY=
-40,-10,rb9AU7ZKuscFudHLFcDNYGhhT7s=,Bd5tBaXjT0KQ/Awx/M6IbK/rRXY=
-40,-8,rb9AU7ZKuscFudHLFcDNYGhhT7s=,iW0unJXLIX1fNM2N/ZBEaMAtwnc=
-41,-7,rb9AU7ZKuscFudHLFcDNYGhhT7s=,FJUJvUIyOag7E2DZYC3V6BD5+0Y=
-41,-10,rb9AU7ZKuscFudHLFcDNYGhhT7s=,4o1uOKeHnkE1BZ2S/zR52hgwmRU=
-47,-8,dUCJoujLk/a5VtUuTBmRXrNrizI=,55nJWWhVtcNkbTaJ5GU0/Y8obyo=
-46,-8,dUCJoujLk/a5VtUuTBmRXrNrizI=,55nJWWhVtcNkbTaJ5GU0/Y8obyo=
-45,-8,dUCJoujLk/a5VtUuTBmRXrNrizI=,55nJWWhVtcNkbTaJ5GU0/Y8obyo=
-44,-9,dUCJoujLk/a5VtUuTBmRXrNrizI=,4o1uOKeHnkE1BZ2S/zR52hgwmRU=
-39,-8,dUCJoujLk/a5VtUuTBmRXrNrizI=,iW0unJXLIX1fNM2N/ZBEaMAtwnc=
-41,-8,dUCJoujLk/a5VtUuTBmRXrNrizI=,FJUJvUIyOag7E2DZYC3V6BD5+0Y=
-45,-9,dUCJoujLk/a5VtUuTBmRXrNrizI=,fibfuMrJRUOhr1m90XPZ/GaK3IY=
-42,-9,dUCJoujLk/a5VtUuTBmRXrNrizI=,4o1uOKeHnkE1BZ2S/zR52hgwmRU=
-46,-9,dUCJoujLk/a5VtUuTBmRXrNrizI=,fibfuMrJRUOhr1m90XPZ/GaK3IY=
-41,-9,dUCJoujLk/a5VtUuTBmRXrNrizI=,4o1uOKeHnkE1BZ2S/zR52hgwmRU=
-44,-8,dUCJoujLk/a5VtUuTBmRXrNrizI=,FJUJvUIyOag7E2DZYC3V6BD5+0Y=
-44,-10,dUCJoujLk/a5VtUuTBmRXrNrizI=,4o1uOKeHnkE1BZ2S/zR52hgwmRU=
-42,-8,dUCJoujLk/a5VtUuTBmRXrNrizI=,FJUJvUIyOag7E2DZYC3V6BD5+0Y=
-43,-7,dUCJoujLk/a5VtUuTBmRXrNrizI=,FJUJvUIyOag7E2DZYC3V6BD5+0Y=
-45,-10,dUCJoujLk/a5VtUuTBmRXrNrizI=,fibfuMrJRUOhr1m90XPZ/GaK3IY=
-45,-7,dUCJoujLk/a5VtUuTBmRXrNrizI=,55nJWWhVtcNkbTaJ5GU0/Y8obyo=
-40,-13,dUCJoujLk/a5VtUuTBmRXrNrizI=,PGNRmrceOT7js+gQ8uq1i5rJL1A=
-43,-8,dUCJoujLk/a5VtUuTBmRXrNrizI=,FJUJvUIyOag7E2DZYC3V6BD5+0Y=
-43,-9,dUCJoujLk/a5VtUuTBmRXrNrizI=,4o1uOKeHnkE1BZ2S/zR52hgwmRU=
-46,-10,dUCJoujLk/a5VtUuTBmRXrNrizI=,fibfuMrJRUOhr1m90XPZ/GaK3IY=
-44,-7,dUCJoujLk/a5VtUuTBmRXrNrizI=,FJUJvUIyOag7E2DZYC3V6BD5+0Y=
-41,-13,dUCJoujLk/a5VtUuTBmRXrNrizI=,pRTI6b6JS8gthWdBK7CtfJ6Fe6A=
-42,-14,dUCJoujLk/a5VtUuTBmRXrNrizI=,pRTI6b6JS8gthWdBK7CtfJ6Fe6A=
-40,-12,dUCJoujLk/a5VtUuTBmRXrNrizI=,Bd5tBaXjT0KQ/Awx/M6IbK/rRXY=
-42,-11,dUCJoujLk/a5VtUuTBmRXrNrizI=,4o1uOKeHnkE1BZ2S/zR52hgwmRU=
-41,-11,dUCJoujLk/a5VtUuTBmRXrNrizI=,4o1uOKeHnkE1BZ2S/zR52hgwmRU=
-41,-12,K9dXpkN3YMBvVDv/LrZ0hK8cF5Q=,4o1uOKeHnkE1BZ2S/zR52hgwmRU=
-42,-13,K9dXpkN3YMBvVDv/LrZ0hK8cF5Q=,pRTI6b6JS8gthWdBK7CtfJ6Fe6A=
-44,-12,K9dXpkN3YMBvVDv/LrZ0hK8cF5Q=,4o1uOKeHnkE1BZ2S/zR52hgwmRU=
-41,-14,K9dXpkN3YMBvVDv/LrZ0hK8cF5Q=,pRTI6b6JS8gthWdBK7CtfJ6Fe6A=
-40,-11,K9dXpkN3YMBvVDv/LrZ0hK8cF5Q=,Bd5tBaXjT0KQ/Awx/M6IbK/rRXY=
-42,-12,K9dXpkN3YMBvVDv/LrZ0hK8cF5Q=,4o1uOKeHnkE1BZ2S/zR52hgwmRU=
-40,-14,K9dXpkN3YMBvVDv/LrZ0hK8cF5Q=,PGNRmrceOT7js+gQ8uq1i5rJL1A=
-43,-12,K9dXpkN3YMBvVDv/LrZ0hK8cF5Q=,4o1uOKeHnkE1BZ2S/zR52hgwmRU=
-46,-14,K9dXpkN3YMBvVDv/LrZ0hK8cF5Q=,x81BQoroq3qYRF6OuBqU/PWW4Ko=
-45,-14,K9dXpkN3YMBvVDv/LrZ0hK8cF5Q=,x81BQoroq3qYRF6OuBqU/PWW4Ko=
-45,-12,K9dXpkN3YMBvVDv/LrZ0hK8cF5Q=,fibfuMrJRUOhr1m90XPZ/GaK3IY=
-39,-11,K9dXpkN3YMBvVDv/LrZ0hK8cF5Q=,Bd5tBaXjT0KQ/Awx/M6IbK/rRXY=
-43,-11,K9dXpkN3YMBvVDv/LrZ0hK8cF5Q=,4o1uOKeHnkE1BZ2S/zR52hgwmRU=
-39,-12,K9dXpkN3YMBvVDv/LrZ0hK8cF5Q=,Bd5tBaXjT0KQ/Awx/M6IbK/rRXY=
-44,-11,K9dXpkN3YMBvVDv/LrZ0hK8cF5Q=,4o1uOKeHnkE1BZ2S/zR52hgwmRU=
-39,-13,K9dXpkN3YMBvVDv/LrZ0hK8cF5Q=,PGNRmrceOT7js+gQ8uq1i5rJL1A=
-39,-14,K9dXpkN3YMBvVDv/LrZ0hK8cF5Q=,PGNRmrceOT7js+gQ8uq1i5rJL1A=
-46,-12,K9dXpkN3YMBvVDv/LrZ0hK8cF5Q=,fibfuMrJRUOhr1m90XPZ/GaK3IY=
-45,-11,K9dXpkN3YMBvVDv/LrZ0hK8cF5Q=,fibfuMrJRUOhr1m90XPZ/GaK3IY=
-46,-11,K9dXpkN3YMBvVDv/LrZ0hK8cF5Q=,fibfuMrJRUOhr1m90XPZ/GaK3IY=
-43,-13,K9dXpkN3YMBvVDv/LrZ0hK8cF5Q=,pRTI6b6JS8gthWdBK7CtfJ6Fe6A=
-46,-13,jvlzQAqDN0j7HhK2gKpAycvhJvc=,x81BQoroq3qYRF6OuBqU/PWW4Ko=
-44,-13,jvlzQAqDN0j7HhK2gKpAycvhJvc=,pRTI6b6JS8gthWdBK7CtfJ6Fe6A=
-43,-14,jvlzQAqDN0j7HhK2gKpAycvhJvc=,pRTI6b6JS8gthWdBK7CtfJ6Fe6A=
-45,-13,jvlzQAqDN0j7HhK2gKpAycvhJvc=,x81BQoroq3qYRF6OuBqU/PWW4Ko=
-44,-14,jvlzQAqDN0j7HhK2gKpAycvhJvc=,pRTI6b6JS8gthWdBK7CtfJ6Fe6A=
-44,-16,jvlzQAqDN0j7HhK2gKpAycvhJvc=,pRTI6b6JS8gthWdBK7CtfJ6Fe6A=
-48,-12,jvlzQAqDN0j7HhK2gKpAycvhJvc=,fibfuMrJRUOhr1m90XPZ/GaK3IY=
-43,-16,jvlzQAqDN0j7HhK2gKpAycvhJvc=,pRTI6b6JS8gthWdBK7CtfJ6Fe6A=
-46,-16,jvlzQAqDN0j7HhK2gKpAycvhJvc=,x81BQoroq3qYRF6OuBqU/PWW4Ko=
-43,-15,jvlzQAqDN0j7HhK2gKpAycvhJvc=,pRTI6b6JS8gthWdBK7CtfJ6Fe6A=
-44,-15,jvlzQAqDN0j7HhK2gKpAycvhJvc=,pRTI6b6JS8gthWdBK7CtfJ6Fe6A=
-45,-15,xLvcHnyyRICaqrYCSr6UGYWoMzo=,x81BQoroq3qYRF6OuBqU/PWW4Ko=
-47,-11,xLvcHnyyRICaqrYCSr6UGYWoMzo=,fibfuMrJRUOhr1m90XPZ/GaK3IY=
-48,-14,xLvcHnyyRICaqrYCSr6UGYWoMzo=,x81BQoroq3qYRF6OuBqU/PWW4Ko=
-45,-16,xLvcHnyyRICaqrYCSr6UGYWoMzo=,x81BQoroq3qYRF6OuBqU/PWW4Ko=
-46,-15,xLvcHnyyRICaqrYCSr6UGYWoMzo=,x81BQoroq3qYRF6OuBqU/PWW4Ko=
-47,-12,xLvcHnyyRICaqrYCSr6UGYWoMzo=,fibfuMrJRUOhr1m90XPZ/GaK3IY=
-47,-13,xLvcHnyyRICaqrYCSr6UGYWoMzo=,x81BQoroq3qYRF6OuBqU/PWW4Ko=
-48,-13,xLvcHnyyRICaqrYCSr6UGYWoMzo=,x81BQoroq3qYRF6OuBqU/PWW4Ko=
-48,-11,xLvcHnyyRICaqrYCSr6UGYWoMzo=,fibfuMrJRUOhr1m90XPZ/GaK3IY=
-47,-14,xLvcHnyyRICaqrYCSr6UGYWoMzo=,x81BQoroq3qYRF6OuBqU/PWW4Ko=
-38,-16,Tht2ykL82Qkl9UCSCYX3EGt4v4I=,PGNRmrceOT7js+gQ8uq1i5rJL1A=
-40,-16,Tht2ykL82Qkl9UCSCYX3EGt4v4I=,PGNRmrceOT7js+gQ8uq1i5rJL1A=
-39,-15,Tht2ykL82Qkl9UCSCYX3EGt4v4I=,PGNRmrceOT7js+gQ8uq1i5rJL1A=
-41,-16,Tht2ykL82Qkl9UCSCYX3EGt4v4I=,pRTI6b6JS8gthWdBK7CtfJ6Fe6A=
-39,-16,Tht2ykL82Qkl9UCSCYX3EGt4v4I=,PGNRmrceOT7js+gQ8uq1i5rJL1A=
-37,-15,Tht2ykL82Qkl9UCSCYX3EGt4v4I=,PGNRmrceOT7js+gQ8uq1i5rJL1A=
-40,-15,Tht2ykL82Qkl9UCSCYX3EGt4v4I=,PGNRmrceOT7js+gQ8uq1i5rJL1A=
-42,-16,Tht2ykL82Qkl9UCSCYX3EGt4v4I=,pRTI6b6JS8gthWdBK7CtfJ6Fe6A=
-33,-14,Tht2ykL82Qkl9UCSCYX3EGt4v4I=,gVenkh9ruxodSG/4BdMQL3dk8q4=
-41,-15,Tht2ykL82Qkl9UCSCYX3EGt4v4I=,pRTI6b6JS8gthWdBK7CtfJ6Fe6A=
-38,-15,Tht2ykL82Qkl9UCSCYX3EGt4v4I=,PGNRmrceOT7js+gQ8uq1i5rJL1A=
-42,-15,kYVGj9yw0WP2iy1l5Ky0uC6+dEY=,pRTI6b6JS8gthWdBK7CtfJ6Fe6A=
-37,-16,kYVGj9yw0WP2iy1l5Ky0uC6+dEY=,PGNRmrceOT7js+gQ8uq1i5rJL1A=
-34,-11,kYVGj9yw0WP2iy1l5Ky0uC6+dEY=,WAVMdp7WeJQ4+wE+WxCUAMcVEPY=
-36,-16,kYVGj9yw0WP2iy1l5Ky0uC6+dEY=,gVenkh9ruxodSG/4BdMQL3dk8q4=
-33,-13,kYVGj9yw0WP2iy1l5Ky0uC6+dEY=,gVenkh9ruxodSG/4BdMQL3dk8q4=
-34,-12,kYVGj9yw0WP2iy1l5Ky0uC6+dEY=,WAVMdp7WeJQ4+wE+WxCUAMcVEPY=
-33,-11,kYVGj9yw0WP2iy1l5Ky0uC6+dEY=,WAVMdp7WeJQ4+wE+WxCUAMcVEPY=
-33,-12,kYVGj9yw0WP2iy1l5Ky0uC6+dEY=,WAVMdp7WeJQ4+wE+WxCUAMcVEPY=
-34,-14,kYVGj9yw0WP2iy1l5Ky0uC6+dEY=,gVenkh9ruxodSG/4BdMQL3dk8q4=
-35,-16,kYVGj9yw0WP2iy1l5Ky0uC6+dEY=,gVenkh9ruxodSG/4BdMQL3dk8q4=
-35,-15,kYVGj9yw0WP2iy1l5Ky0uC6+dEY=,gVenkh9ruxodSG/4BdMQL3dk8q4=
-33,-10,kYVGj9yw0WP2iy1l5Ky0uC6+dEY=,WAVMdp7WeJQ4+wE+WxCUAMcVEPY=
-34,-13,kYVGj9yw0WP2iy1l5Ky0uC6+dEY=,gVenkh9ruxodSG/4BdMQL3dk8q4=
-34,-16,kYVGj9yw0WP2iy1l5Ky0uC6+dEY=,gVenkh9ruxodSG/4BdMQL3dk8q4=
-36,-15,kYVGj9yw0WP2iy1l5Ky0uC6+dEY=,gVenkh9ruxodSG/4BdMQL3dk8q4=
-33,-16,kYVGj9yw0WP2iy1l5Ky0uC6+dEY=,gVenkh9ruxodSG/4BdMQL3dk8q4=
-34,-15,kYVGj9yw0WP2iy1l5Ky0uC6+dEY=,gVenkh9ruxodSG/4BdMQL3dk8q4=
-34,-9,kYVGj9yw0WP2iy1l5Ky0uC6+dEY=,WAVMdp7WeJQ4+wE+WxCUAMcVEPY=
-33,-9,kYVGj9yw0WP2iy1l5Ky0uC6+dEY=,WAVMdp7WeJQ4+wE+WxCUAMcVEPY=
-33,-4,deigwjSCoIvkYfeHjE7mUG3XLfs=,EEDm+wsyOzET4OPTmvo27zOGTH4=
-33,-15,deigwjSCoIvkYfeHjE7mUG3XLfs=,gVenkh9ruxodSG/4BdMQL3dk8q4=
-33,-6,deigwjSCoIvkYfeHjE7mUG3XLfs=,t/hIOKcPXC3bGVnejogZqGUeBdY=
-34,-7,deigwjSCoIvkYfeHjE7mUG3XLfs=,t/hIOKcPXC3bGVnejogZqGUeBdY=
-34,-10,deigwjSCoIvkYfeHjE7mUG3XLfs=,WAVMdp7WeJQ4+wE+WxCUAMcVEPY=
-33,-8,deigwjSCoIvkYfeHjE7mUG3XLfs=,t/hIOKcPXC3bGVnejogZqGUeBdY=
-34,-6,deigwjSCoIvkYfeHjE7mUG3XLfs=,t/hIOKcPXC3bGVnejogZqGUeBdY=
-34,-5,deigwjSCoIvkYfeHjE7mUG3XLfs=,t/hIOKcPXC3bGVnejogZqGUeBdY=
-33,-5,deigwjSCoIvkYfeHjE7mUG3XLfs=,t/hIOKcPXC3bGVnejogZqGUeBdY=
-34,-4,deigwjSCoIvkYfeHjE7mUG3XLfs=,EEDm+wsyOzET4OPTmvo27zOGTH4=
-34,-3,deigwjSCoIvkYfeHjE7mUG3XLfs=,EEDm+wsyOzET4OPTmvo27zOGTH4=
-34,-8,deigwjSCoIvkYfeHjE7mUG3XLfs=,t/hIOKcPXC3bGVnejogZqGUeBdY=
-33,-3,deigwjSCoIvkYfeHjE7mUG3XLfs=,EEDm+wsyOzET4OPTmvo27zOGTH4=
-33,-7,deigwjSCoIvkYfeHjE7mUG3XLfs=,t/hIOKcPXC3bGVnejogZqGUeBdY=
-48,-3,deigwjSCoIvkYfeHjE7mUG3XLfs=,XJDh17iYXoeMKBsKvzU7nws8YGU=
-48,-2,deigwjSCoIvkYfeHjE7mUG3XLfs=,XJDh17iYXoeMKBsKvzU7nws8YGU=
-48,-8,deigwjSCoIvkYfeHjE7mUG3XLfs=,55nJWWhVtcNkbTaJ5GU0/Y8obyo=
-48,-5,deigwjSCoIvkYfeHjE7mUG3XLfs=,55nJWWhVtcNkbTaJ5GU0/Y8obyo=
-48,-6,deigwjSCoIvkYfeHjE7mUG3XLfs=,55nJWWhVtcNkbTaJ5GU0/Y8obyo=
-48,-7,deigwjSCoIvkYfeHjE7mUG3XLfs=,55nJWWhVtcNkbTaJ5GU0/Y8obyo=
-48,-9,deigwjSCoIvkYfeHjE7mUG3XLfs=,fibfuMrJRUOhr1m90XPZ/GaK3IY=
-48,-4,deigwjSCoIvkYfeHjE7mUG3XLfs=,XJDh17iYXoeMKBsKvzU7nws8YGU=
-47,-6,deigwjSCoIvkYfeHjE7mUG3XLfs=,55nJWWhVtcNkbTaJ5GU0/Y8obyo=
-47,-5,deigwjSCoIvkYfeHjE7mUG3XLfs=,55nJWWhVtcNkbTaJ5GU0/Y8obyo=
-47,-3,deigwjSCoIvkYfeHjE7mUG3XLfs=,XJDh17iYXoeMKBsKvzU7nws8YGU=
-48,-1,deigwjSCoIvkYfeHjE7mUG3XLfs=,XJDh17iYXoeMKBsKvzU7nws8YGU=
-47,-9,deigwjSCoIvkYfeHjE7mUG3XLfs=,fibfuMrJRUOhr1m90XPZ/GaK3IY=
-47,-2,deigwjSCoIvkYfeHjE7mUG3XLfs=,XJDh17iYXoeMKBsKvzU7nws8YGU=
-47,-1,758bOuGzCBNFUWFzuXHuMjfxvpk=,XJDh17iYXoeMKBsKvzU7nws8YGU=
-47,-4,758bOuGzCBNFUWFzuXHuMjfxvpk=,XJDh17iYXoeMKBsKvzU7nws8YGU=
-48,-10,758bOuGzCBNFUWFzuXHuMjfxvpk=,fibfuMrJRUOhr1m90XPZ/GaK3IY=
-47,-10,758bOuGzCBNFUWFzuXHuMjfxvpk=,fibfuMrJRUOhr1m90XPZ/GaK3IY=
-38,-1,758bOuGzCBNFUWFzuXHuMjfxvpk=,asDCpi7K0maYBycyydd5tKeLksI=
-37,-1,758bOuGzCBNFUWFzuXHuMjfxvpk=,asDCpi7K0maYBycyydd5tKeLksI=
-34,-2,758bOuGzCBNFUWFzuXHuMjfxvpk=,EEDm+wsyOzET4OPTmvo27zOGTH4=
-36,-1,758bOuGzCBNFUWFzuXHuMjfxvpk=,EEDm+wsyOzET4OPTmvo27zOGTH4=
-36,-2,758bOuGzCBNFUWFzuXHuMjfxvpk=,EEDm+wsyOzET4OPTmvo27zOGTH4=
-35,-2,758bOuGzCBNFUWFzuXHuMjfxvpk=,EEDm+wsyOzET4OPTmvo27zOGTH4=
-33,-2,758bOuGzCBNFUWFzuXHuMjfxvpk=,EEDm+wsyOzET4OPTmvo27zOGTH4=
-38,-2,758bOuGzCBNFUWFzuXHuMjfxvpk=,asDCpi7K0maYBycyydd5tKeLksI=
-33,-1,758bOuGzCBNFUWFzuXHuMjfxvpk=,EEDm+wsyOzET4OPTmvo27zOGTH4=
-37,-2,758bOuGzCBNFUWFzuXHuMjfxvpk=,asDCpi7K0maYBycyydd5tKeLksI=
-34,-1,758bOuGzCBNFUWFzuXHuMjfxvpk=,EEDm+wsyOzET4OPTmvo27zOGTH4=
-35,-1,758bOuGzCBNFUWFzuXHuMjfxvpk=,EEDm+wsyOzET4OPTmvo27zOGTH4=
-43,-1,758bOuGzCBNFUWFzuXHuMjfxvpk=,weENz4l3xitjWHmKyIdlIaiLV0g=
-45,-1,758bOuGzCBNFUWFzuXHuMjfxvpk=,XJDh17iYXoeMKBsKvzU7nws8YGU=
-44,-2,758bOuGzCBNFUWFzuXHuMjfxvpk=,weENz4l3xitjWHmKyIdlIaiLV0g=
-45,-2,758bOuGzCBNFUWFzuXHuMjfxvpk=,XJDh17iYXoeMKBsKvzU7nws8YGU=
-46,-1,758bOuGzCBNFUWFzuXHuMjfxvpk=,XJDh17iYXoeMKBsKvzU7nws8YGU=
-46,-2,758bOuGzCBNFUWFzuXHuMjfxvpk=,XJDh17iYXoeMKBsKvzU7nws8YGU=
-43,-2,758bOuGzCBNFUWFzuXHuMjfxvpk=,weENz4l3xitjWHmKyIdlIaiLV0g=
-41,-2,758bOuGzCBNFUWFzuXHuMjfxvpk=,weENz4l3xitjWHmKyIdlIaiLV0g=
-42,-2,jMUwvaFHLKNFcvbts7/FxoVWlik=,weENz4l3xitjWHmKyIdlIaiLV0g=
-44,-1,jMUwvaFHLKNFcvbts7/FxoVWlik=,weENz4l3xitjWHmKyIdlIaiLV0g=
-42,-1,jMUwvaFHLKNFcvbts7/FxoVWlik=,weENz4l3xitjWHmKyIdlIaiLV0g=
-41,-1,jMUwvaFHLKNFcvbts7/FxoVWlik=,weENz4l3xitjWHmKyIdlIaiLV0g=
-40,-1,jMUwvaFHLKNFcvbts7/FxoVWlik=,asDCpi7K0maYBycyydd5tKeLksI=
-39,-2,jMUwvaFHLKNFcvbts7/FxoVWlik=,asDCpi7K0maYBycyydd5tKeLksI=
-40,-2,jMUwvaFHLKNFcvbts7/FxoVWlik=,asDCpi7K0maYBycyydd5tKeLksI=
-39,-1,jMUwvaFHLKNFcvbts7/FxoVWlik=,asDCpi7K0maYBycyydd5tKeLksI=
-48,-16,jMUwvaFHLKNFcvbts7/FxoVWlik=,x81BQoroq3qYRF6OuBqU/PWW4Ko=
-48,-15,jMUwvaFHLKNFcvbts7/FxoVWlik=,x81BQoroq3qYRF6OuBqU/PWW4Ko=
-47,-15,jMUwvaFHLKNFcvbts7/FxoVWlik=,x81BQoroq3qYRF6OuBqU/PWW4Ko=
-47,-16,jMUwvaFHLKNFcvbts7/FxoVWlik=,x81BQoroq3qYRF6OuBqU/PWW4Ko=
-43,-20,/qg8MmJqT/G53RMdUqzszXfPfyM=,ym1UxAm5G+28XLmPrqVgVpm8TCI=
-44,-21,/qg8MmJqT/G53RMdUqzszXfPfyM=,HoBSix+581KJg81hyvt1urAKDYQ=
-43,-19,/qg8MmJqT/G53RMdUqzszXfPfyM=,ym1UxAm5G+28XLmPrqVgVpm8TCI=
-44,-19,/qg8MmJqT/G53RMdUqzszXfPfyM=,ym1UxAm5G+28XLmPrqVgVpm8TCI=
-43,-21,/qg8MmJqT/G53RMdUqzszXfPfyM=,HoBSix+581KJg81hyvt1urAKDYQ=
-44,-22,/qg8MmJqT/G53RMdUqzszXfPfyM=,HoBSix+581KJg81hyvt1urAKDYQ=
-46,-22,/qg8MmJqT/G53RMdUqzszXfPfyM=,Lk+ALIEdUDE25otAM4T7NkbVVIg=
-43,-22,/qg8MmJqT/G53RMdUqzszXfPfyM=,HoBSix+581KJg81hyvt1urAKDYQ=
-46,-20,/qg8MmJqT/G53RMdUqzszXfPfyM=,NiSxvfrHI8U1XGPKzlGeID3vC5o=
-46,-19,/qg8MmJqT/G53RMdUqzszXfPfyM=,NiSxvfrHI8U1XGPKzlGeID3vC5o=
-45,-19,/qg8MmJqT/G53RMdUqzszXfPfyM=,NiSxvfrHI8U1XGPKzlGeID3vC5o=
-45,-20,/qg8MmJqT/G53RMdUqzszXfPfyM=,NiSxvfrHI8U1XGPKzlGeID3vC5o=
-45,-22,/qg8MmJqT/G53RMdUqzszXfPfyM=,Lk+ALIEdUDE25otAM4T7NkbVVIg=
-44,-20,/qg8MmJqT/G53RMdUqzszXfPfyM=,ym1UxAm5G+28XLmPrqVgVpm8TCI=
-45,-21,ylQhTDpAFReFGTR8gGfJdAJsTDU=,Lk+ALIEdUDE25otAM4T7NkbVVIg=
-46,-21,ylQhTDpAFReFGTR8gGfJdAJsTDU=,Lk+ALIEdUDE25otAM4T7NkbVVIg=
-41,-19,UCNC6J7+BKmi+AfVHdY8l8yELD4=,ym1UxAm5G+28XLmPrqVgVpm8TCI=
-40,-21,UCNC6J7+BKmi+AfVHdY8l8yELD4=,KoERlRGWx1XD2EyJVIt0CFxjudM=
-39,-20,UCNC6J7+BKmi+AfVHdY8l8yELD4=,unaFW7rC7m8rdg4UiAZX0zd+2gE=
-39,-21,UCNC6J7+BKmi+AfVHdY8l8yELD4=,KoERlRGWx1XD2EyJVIt0CFxjudM=
-41,-21,UCNC6J7+BKmi+AfVHdY8l8yELD4=,HoBSix+581KJg81hyvt1urAKDYQ=
-39,-22,UCNC6J7+BKmi+AfVHdY8l8yELD4=,KoERlRGWx1XD2EyJVIt0CFxjudM=
-41,-22,UCNC6J7+BKmi+AfVHdY8l8yELD4=,HoBSix+581KJg81hyvt1urAKDYQ=
-41,-20,UCNC6J7+BKmi+AfVHdY8l8yELD4=,ym1UxAm5G+28XLmPrqVgVpm8TCI=
-39,-19,UCNC6J7+BKmi+AfVHdY8l8yELD4=,unaFW7rC7m8rdg4UiAZX0zd+2gE=
-40,-20,UCNC6J7+BKmi+AfVHdY8l8yELD4=,unaFW7rC7m8rdg4UiAZX0zd+2gE=
-42,-19,UCNC6J7+BKmi+AfVHdY8l8yELD4=,ym1UxAm5G+28XLmPrqVgVpm8TCI=
-40,-22,UCNC6J7+BKmi+AfVHdY8l8yELD4=,KoERlRGWx1XD2EyJVIt0CFxjudM=
-42,-20,UCNC6J7+BKmi+AfVHdY8l8yELD4=,ym1UxAm5G+28XLmPrqVgVpm8TCI=
-40,-19,UCNC6J7+BKmi+AfVHdY8l8yELD4=,unaFW7rC7m8rdg4UiAZX0zd+2gE=
-42,-22,UCNC6J7+BKmi+AfVHdY8l8yELD4=,HoBSix+581KJg81hyvt1urAKDYQ=
-42,-21,UCNC6J7+BKmi+AfVHdY8l8yELD4=,HoBSix+581KJg81hyvt1urAKDYQ=
-37,-21,a7icYuLA4lC7v/aLjS372b7bUcg=,KoERlRGWx1XD2EyJVIt0CFxjudM=
-35,-22,a7icYuLA4lC7v/aLjS372b7bUcg=,A8D4DPfAICDQbh31igCuYxWiZHc=
-38,-19,a7icYuLA4lC7v/aLjS372b7bUcg=,unaFW7rC7m8rdg4UiAZX0zd+2gE=
-35,-21,a7icYuLA4lC7v/aLjS372b7bUcg=,A8D4DPfAICDQbh31igCuYxWiZHc=
-38,-20,a7icYuLA4lC7v/aLjS372b7bUcg=,unaFW7rC7m8rdg4UiAZX0zd+2gE=
-36,-22,a7icYuLA4lC7v/aLjS372b7bUcg=,A8D4DPfAICDQbh31igCuYxWiZHc=
-36,-19,a7icYuLA4lC7v/aLjS372b7bUcg=,LTX6qAr1YYlrBfihS03MOlaIodM=
-36,-20,a7icYuLA4lC7v/aLjS372b7bUcg=,LTX6qAr1YYlrBfihS03MOlaIodM=
-37,-20,a7icYuLA4lC7v/aLjS372b7bUcg=,unaFW7rC7m8rdg4UiAZX0zd+2gE=
-37,-22,a7icYuLA4lC7v/aLjS372b7bUcg=,KoERlRGWx1XD2EyJVIt0CFxjudM=
-35,-19,a7icYuLA4lC7v/aLjS372b7bUcg=,LTX6qAr1YYlrBfihS03MOlaIodM=
-35,-20,a7icYuLA4lC7v/aLjS372b7bUcg=,LTX6qAr1YYlrBfihS03MOlaIodM=
-37,-19,a7icYuLA4lC7v/aLjS372b7bUcg=,unaFW7rC7m8rdg4UiAZX0zd+2gE=
-36,-21,a7icYuLA4lC7v/aLjS372b7bUcg=,A8D4DPfAICDQbh31igCuYxWiZHc=
-38,-21,a7icYuLA4lC7v/aLjS372b7bUcg=,KoERlRGWx1XD2EyJVIt0CFxjudM=
-38,-22,a7icYuLA4lC7v/aLjS372b7bUcg=,KoERlRGWx1XD2EyJVIt0CFxjudM=
-36,-24,joQrkAs2Is2vWERGgu1sPo116eM=,A8D4DPfAICDQbh31igCuYxWiZHc=
-38,-25,joQrkAs2Is2vWERGgu1sPo116eM=,WukNbuwZS0cYGlXUeKYpIi7yXfQ=
-37,-23,joQrkAs2Is2vWERGgu1sPo116eM=,KoERlRGWx1XD2EyJVIt0CFxjudM=
-38,-24,joQrkAs2Is2vWERGgu1sPo116eM=,KoERlRGWx1XD2EyJVIt0CFxjudM=
-37,-24,joQrkAs2Is2vWERGgu1sPo116eM=,KoERlRGWx1XD2EyJVIt0CFxjudM=
-38,-26,joQrkAs2Is2vWERGgu1sPo116eM=,WukNbuwZS0cYGlXUeKYpIi7yXfQ=
-38,-23,joQrkAs2Is2vWERGgu1sPo116eM=,KoERlRGWx1XD2EyJVIt0CFxjudM=
-37,-25,joQrkAs2Is2vWERGgu1sPo116eM=,WukNbuwZS0cYGlXUeKYpIi7yXfQ=
-37,-26,joQrkAs2Is2vWERGgu1sPo116eM=,WukNbuwZS0cYGlXUeKYpIi7yXfQ=
-35,-24,DERs3kxFWQcfVSOsGz0x7a4qnz4=,A8D4DPfAICDQbh31igCuYxWiZHc=
-35,-23,DERs3kxFWQcfVSOsGz0x7a4qnz4=,A8D4DPfAICDQbh31igCuYxWiZHc=
-36,-25,DERs3kxFWQcfVSOsGz0x7a4qnz4=,vvyOw5ZT7sWaDG3f3zoyk8W883Y=
-35,-26,DERs3kxFWQcfVSOsGz0x7a4qnz4=,vvyOw5ZT7sWaDG3f3zoyk8W883Y=
-36,-26,DERs3kxFWQcfVSOsGz0x7a4qnz4=,vvyOw5ZT7sWaDG3f3zoyk8W883Y=
-36,-23,DERs3kxFWQcfVSOsGz0x7a4qnz4=,A8D4DPfAICDQbh31igCuYxWiZHc=
-35,-25,DERs3kxFWQcfVSOsGz0x7a4qnz4=,vvyOw5ZT7sWaDG3f3zoyk8W883Y=
-37,-29,QZ6rrZYoy7NXdfMB0u+rYWcHjsY=,urLb1DC3BmlA36Ezj+Sp65nhqo4=
-36,-27,QZ6rrZYoy7NXdfMB0u+rYWcHjsY=,vvyOw5ZT7sWaDG3f3zoyk8W883Y=
-35,-27,QZ6rrZYoy7NXdfMB0u+rYWcHjsY=,vvyOw5ZT7sWaDG3f3zoyk8W883Y=
-37,-30,DnSvhuEg7jC/naN+Q92jS0075pQ=,urLb1DC3BmlA36Ezj+Sp65nhqo4=
-37,-28,DnSvhuEg7jC/naN+Q92jS0075pQ=,WukNbuwZS0cYGlXUeKYpIi7yXfQ=
-35,-30,DnSvhuEg7jC/naN+Q92jS0075pQ=,gdeEZaxaAqF1VJ+UjyNnRzP6STY=
-36,-28,DnSvhuEg7jC/naN+Q92jS0075pQ=,vvyOw5ZT7sWaDG3f3zoyk8W883Y=
-36,-30,DnSvhuEg7jC/naN+Q92jS0075pQ=,gdeEZaxaAqF1VJ+UjyNnRzP6STY=
-35,-28,DnSvhuEg7jC/naN+Q92jS0075pQ=,vvyOw5ZT7sWaDG3f3zoyk8W883Y=
-35,-29,DnSvhuEg7jC/naN+Q92jS0075pQ=,gdeEZaxaAqF1VJ+UjyNnRzP6STY=
-36,-29,DnSvhuEg7jC/naN+Q92jS0075pQ=,gdeEZaxaAqF1VJ+UjyNnRzP6STY=
-38,-27,DnSvhuEg7jC/naN+Q92jS0075pQ=,WukNbuwZS0cYGlXUeKYpIi7yXfQ=
-37,-27,DnSvhuEg7jC/naN+Q92jS0075pQ=,WukNbuwZS0cYGlXUeKYpIi7yXfQ=
-38,-29,DnSvhuEg7jC/naN+Q92jS0075pQ=,urLb1DC3BmlA36Ezj+Sp65nhqo4=
-38,-30,DnSvhuEg7jC/naN+Q92jS0075pQ=,urLb1DC3BmlA36Ezj+Sp65nhqo4=
-38,-28,DnSvhuEg7jC/naN+Q92jS0075pQ=,WukNbuwZS0cYGlXUeKYpIi7yXfQ=
-40,-25,sFZ8AD4RHJBxawLx2EAEz8NCCBI=,WukNbuwZS0cYGlXUeKYpIi7yXfQ=
-39,-27,sFZ8AD4RHJBxawLx2EAEz8NCCBI=,WukNbuwZS0cYGlXUeKYpIi7yXfQ=
-41,-24,sFZ8AD4RHJBxawLx2EAEz8NCCBI=,HoBSix+581KJg81hyvt1urAKDYQ=
-45,-25,sFZ8AD4RHJBxawLx2EAEz8NCCBI=,BAqId8RM4px5MQkJNDhq7vRLb6s=
-42,-23,sFZ8AD4RHJBxawLx2EAEz8NCCBI=,HoBSix+581KJg81hyvt1urAKDYQ=
-45,-24,sFZ8AD4RHJBxawLx2EAEz8NCCBI=,Lk+ALIEdUDE25otAM4T7NkbVVIg=
-45,-26,sFZ8AD4RHJBxawLx2EAEz8NCCBI=,BAqId8RM4px5MQkJNDhq7vRLb6s=
-39,-25,sFZ8AD4RHJBxawLx2EAEz8NCCBI=,WukNbuwZS0cYGlXUeKYpIi7yXfQ=
-43,-23,sFZ8AD4RHJBxawLx2EAEz8NCCBI=,HoBSix+581KJg81hyvt1urAKDYQ=
-39,-26,sFZ8AD4RHJBxawLx2EAEz8NCCBI=,WukNbuwZS0cYGlXUeKYpIi7yXfQ=
-42,-24,sFZ8AD4RHJBxawLx2EAEz8NCCBI=,HoBSix+581KJg81hyvt1urAKDYQ=
-42,-28,sFZ8AD4RHJBxawLx2EAEz8NCCBI=,Q6nXLMVsbQDL6IgdM9vRqyedZvQ=
-46,-25,sFZ8AD4RHJBxawLx2EAEz8NCCBI=,BAqId8RM4px5MQkJNDhq7vRLb6s=
-41,-29,sFZ8AD4RHJBxawLx2EAEz8NCCBI=,OqifxJMMVipwVij+3ibm2K2ueho=
-40,-29,sFZ8AD4RHJBxawLx2EAEz8NCCBI=,urLb1DC3BmlA36Ezj+Sp65nhqo4=
-42,-29,sFZ8AD4RHJBxawLx2EAEz8NCCBI=,OqifxJMMVipwVij+3ibm2K2ueho=
-42,-26,m29iJG2eP2i+jvv3zQc160McOqw=,Q6nXLMVsbQDL6IgdM9vRqyedZvQ=
-40,-27,m29iJG2eP2i+jvv3zQc160McOqw=,WukNbuwZS0cYGlXUeKYpIi7yXfQ=
-41,-27,m29iJG2eP2i+jvv3zQc160McOqw=,Q6nXLMVsbQDL6IgdM9vRqyedZvQ=
-43,-26,m29iJG2eP2i+jvv3zQc160McOqw=,Q6nXLMVsbQDL6IgdM9vRqyedZvQ=
-40,-30,m29iJG2eP2i+jvv3zQc160McOqw=,urLb1DC3BmlA36Ezj+Sp65nhqo4=
-41,-28,m29iJG2eP2i+jvv3zQc160McOqw=,Q6nXLMVsbQDL6IgdM9vRqyedZvQ=
-44,-26,m29iJG2eP2i+jvv3zQc160McOqw=,Q6nXLMVsbQDL6IgdM9vRqyedZvQ=
-43,-24,m29iJG2eP2i+jvv3zQc160McOqw=,HoBSix+581KJg81hyvt1urAKDYQ=
-42,-30,m29iJG2eP2i+jvv3zQc160McOqw=,OqifxJMMVipwVij+3ibm2K2ueho=
-39,-29,m29iJG2eP2i+jvv3zQc160McOqw=,urLb1DC3BmlA36Ezj+Sp65nhqo4=
-42,-27,m29iJG2eP2i+jvv3zQc160McOqw=,Q6nXLMVsbQDL6IgdM9vRqyedZvQ=
-41,-30,m29iJG2eP2i+jvv3zQc160McOqw=,OqifxJMMVipwVij+3ibm2K2ueho=
-39,-28,m29iJG2eP2i+jvv3zQc160McOqw=,WukNbuwZS0cYGlXUeKYpIi7yXfQ=
-39,-30,m29iJG2eP2i+jvv3zQc160McOqw=,urLb1DC3BmlA36Ezj+Sp65nhqo4=
-40,-28,m29iJG2eP2i+jvv3zQc160McOqw=,WukNbuwZS0cYGlXUeKYpIi7yXfQ=
-46,-26,xNjQWAz1KBD8DSrICrpPkgJzUJ4=,BAqId8RM4px5MQkJNDhq7vRLb6s=
-46,-24,xNjQWAz1KBD8DSrICrpPkgJzUJ4=,Lk+ALIEdUDE25otAM4T7NkbVVIg=
-44,-24,xNjQWAz1KBD8DSrICrpPkgJzUJ4=,HoBSix+581KJg81hyvt1urAKDYQ=
-46,-23,xNjQWAz1KBD8DSrICrpPkgJzUJ4=,Lk+ALIEdUDE25otAM4T7NkbVVIg=
-40,-26,xNjQWAz1KBD8DSrICrpPkgJzUJ4=,WukNbuwZS0cYGlXUeKYpIi7yXfQ=
-41,-26,xNjQWAz1KBD8DSrICrpPkgJzUJ4=,Q6nXLMVsbQDL6IgdM9vRqyedZvQ=
-45,-23,xNjQWAz1KBD8DSrICrpPkgJzUJ4=,Lk+ALIEdUDE25otAM4T7NkbVVIg=
-44,-25,xNjQWAz1KBD8DSrICrpPkgJzUJ4=,Q6nXLMVsbQDL6IgdM9vRqyedZvQ=
-40,-24,xNjQWAz1KBD8DSrICrpPkgJzUJ4=,KoERlRGWx1XD2EyJVIt0CFxjudM=
-42,-25,xNjQWAz1KBD8DSrICrpPkgJzUJ4=,Q6nXLMVsbQDL6IgdM9vRqyedZvQ=
-43,-25,xNjQWAz1KBD8DSrICrpPkgJzUJ4=,Q6nXLMVsbQDL6IgdM9vRqyedZvQ=
-39,-24,xNjQWAz1KBD8DSrICrpPkgJzUJ4=,KoERlRGWx1XD2EyJVIt0CFxjudM=
-41,-25,xNjQWAz1KBD8DSrICrpPkgJzUJ4=,Q6nXLMVsbQDL6IgdM9vRqyedZvQ=
-44,-23,/vMCQdafJR84kbz3WLH4nrJK98Y=,HoBSix+581KJg81hyvt1urAKDYQ=
-40,-23,/vMCQdafJR84kbz3WLH4nrJK98Y=,KoERlRGWx1XD2EyJVIt0CFxjudM=
-39,-23,/vMCQdafJR84kbz3WLH4nrJK98Y=,KoERlRGWx1XD2EyJVIt0CFxjudM=
-41,-23,/vMCQdafJR84kbz3WLH4nrJK98Y=,HoBSix+581KJg81hyvt1urAKDYQ=
-45,-28,AzjUQcXHdQZj09+K+8zx1QTJJiY=,BAqId8RM4px5MQkJNDhq7vRLb6s=
-46,-30,AzjUQcXHdQZj09+K+8zx1QTJJiY=,umL0Xoo+nbFOpQ255nA0vv4bx4M=
-44,-28,AzjUQcXHdQZj09+K+8zx1QTJJiY=,Q6nXLMVsbQDL6IgdM9vRqyedZvQ=
-45,-30,AzjUQcXHdQZj09+K+8zx1QTJJiY=,umL0Xoo+nbFOpQ255nA0vv4bx4M=
-46,-27,AzjUQcXHdQZj09+K+8zx1QTJJiY=,BAqId8RM4px5MQkJNDhq7vRLb6s=
-44,-27,AzjUQcXHdQZj09+K+8zx1QTJJiY=,Q6nXLMVsbQDL6IgdM9vRqyedZvQ=
-46,-28,AzjUQcXHdQZj09+K+8zx1QTJJiY=,BAqId8RM4px5MQkJNDhq7vRLb6s=
-43,-27,AzjUQcXHdQZj09+K+8zx1QTJJiY=,Q6nXLMVsbQDL6IgdM9vRqyedZvQ=
-43,-30,AzjUQcXHdQZj09+K+8zx1QTJJiY=,OqifxJMMVipwVij+3ibm2K2ueho=
-45,-27,AzjUQcXHdQZj09+K+8zx1QTJJiY=,BAqId8RM4px5MQkJNDhq7vRLb6s=
-46,-29,AzjUQcXHdQZj09+K+8zx1QTJJiY=,umL0Xoo+nbFOpQ255nA0vv4bx4M=
-43,-28,elhUxjaQyJ50BsL4TQcBZS+URFM=,Q6nXLMVsbQDL6IgdM9vRqyedZvQ=
-45,-29,elhUxjaQyJ50BsL4TQcBZS+URFM=,umL0Xoo+nbFOpQ255nA0vv4bx4M=
-44,-30,elhUxjaQyJ50BsL4TQcBZS+URFM=,OqifxJMMVipwVij+3ibm2K2ueho=
-44,-29,elhUxjaQyJ50BsL4TQcBZS+URFM=,OqifxJMMVipwVij+3ibm2K2ueho=
-43,-29,elhUxjaQyJ50BsL4TQcBZS+URFM=,OqifxJMMVipwVij+3ibm2K2ueho=
-48,-27,elhUxjaQyJ50BsL4TQcBZS+URFM=,BAqId8RM4px5MQkJNDhq7vRLb6s=
-47,-28,elhUxjaQyJ50BsL4TQcBZS+URFM=,BAqId8RM4px5MQkJNDhq7vRLb6s=
-48,-30,elhUxjaQyJ50BsL4TQcBZS+URFM=,umL0Xoo+nbFOpQ255nA0vv4bx4M=
-47,-30,elhUxjaQyJ50BsL4TQcBZS+URFM=,umL0Xoo+nbFOpQ255nA0vv4bx4M=
-47,-29,elhUxjaQyJ50BsL4TQcBZS+URFM=,umL0Xoo+nbFOpQ255nA0vv4bx4M=
-47,-27,elhUxjaQyJ50BsL4TQcBZS+URFM=,BAqId8RM4px5MQkJNDhq7vRLb6s=
-48,-29,elhUxjaQyJ50BsL4TQcBZS+URFM=,umL0Xoo+nbFOpQ255nA0vv4bx4M=
-48,-28,elhUxjaQyJ50BsL4TQcBZS+URFM=,BAqId8RM4px5MQkJNDhq7vRLb6s=
-43,-32,uDcJG5OI3UYGxEBnTLF7P20DMzI=,OqifxJMMVipwVij+3ibm2K2ueho=
-45,-32,uDcJG5OI3UYGxEBnTLF7P20DMzI=,umL0Xoo+nbFOpQ255nA0vv4bx4M=
-43,-31,uDcJG5OI3UYGxEBnTLF7P20DMzI=,OqifxJMMVipwVij+3ibm2K2ueho=
-44,-32,uDcJG5OI3UYGxEBnTLF7P20DMzI=,OqifxJMMVipwVij+3ibm2K2ueho=
-44,-31,uDcJG5OI3UYGxEBnTLF7P20DMzI=,OqifxJMMVipwVij+3ibm2K2ueho=
-46,-32,uDcJG5OI3UYGxEBnTLF7P20DMzI=,umL0Xoo+nbFOpQ255nA0vv4bx4M=
-46,-31,uDcJG5OI3UYGxEBnTLF7P20DMzI=,umL0Xoo+nbFOpQ255nA0vv4bx4M=
-45,-31,uDcJG5OI3UYGxEBnTLF7P20DMzI=,umL0Xoo+nbFOpQ255nA0vv4bx4M=
-40,-31,QJFnKABVRLAO7CU6C7jOKcsy8CU=,urLb1DC3BmlA36Ezj+Sp65nhqo4=
-39,-32,QJFnKABVRLAO7CU6C7jOKcsy8CU=,urLb1DC3BmlA36Ezj+Sp65nhqo4=
-42,-31,QJFnKABVRLAO7CU6C7jOKcsy8CU=,OqifxJMMVipwVij+3ibm2K2ueho=
-39,-31,QJFnKABVRLAO7CU6C7jOKcsy8CU=,urLb1DC3BmlA36Ezj+Sp65nhqo4=
-41,-31,QJFnKABVRLAO7CU6C7jOKcsy8CU=,OqifxJMMVipwVij+3ibm2K2ueho=
-42,-32,QJFnKABVRLAO7CU6C7jOKcsy8CU=,OqifxJMMVipwVij+3ibm2K2ueho=
-41,-32,QJFnKABVRLAO7CU6C7jOKcsy8CU=,OqifxJMMVipwVij+3ibm2K2ueho=
-40,-32,QJFnKABVRLAO7CU6C7jOKcsy8CU=,urLb1DC3BmlA36Ezj+Sp65nhqo4=
-48,-26,QJFnKABVRLAO7CU6C7jOKcsy8CU=,BAqId8RM4px5MQkJNDhq7vRLb6s=
-47,-25,QJFnKABVRLAO7CU6C7jOKcsy8CU=,BAqId8RM4px5MQkJNDhq7vRLb6s=
-38,-32,KFvQ9TQ4dFux2f+gsfvfv94os7U=,urLb1DC3BmlA36Ezj+Sp65nhqo4=
-48,-20,KFvQ9TQ4dFux2f+gsfvfv94os7U=,NiSxvfrHI8U1XGPKzlGeID3vC5o=
-47,-26,KFvQ9TQ4dFux2f+gsfvfv94os7U=,BAqId8RM4px5MQkJNDhq7vRLb6s=
-48,-25,KFvQ9TQ4dFux2f+gsfvfv94os7U=,BAqId8RM4px5MQkJNDhq7vRLb6s=
-48,-23,KFvQ9TQ4dFux2f+gsfvfv94os7U=,Lk+ALIEdUDE25otAM4T7NkbVVIg=
-33,-27,KFvQ9TQ4dFux2f+gsfvfv94os7U=,vvyOw5ZT7sWaDG3f3zoyk8W883Y=
-34,-27,KFvQ9TQ4dFux2f+gsfvfv94os7U=,vvyOw5ZT7sWaDG3f3zoyk8W883Y=
-37,-31,KFvQ9TQ4dFux2f+gsfvfv94os7U=,urLb1DC3BmlA36Ezj+Sp65nhqo4=
-48,-24,KFvQ9TQ4dFux2f+gsfvfv94os7U=,Lk+ALIEdUDE25otAM4T7NkbVVIg=
-48,-22,KFvQ9TQ4dFux2f+gsfvfv94os7U=,Lk+ALIEdUDE25otAM4T7NkbVVIg=
-48,-21,KFvQ9TQ4dFux2f+gsfvfv94os7U=,Lk+ALIEdUDE25otAM4T7NkbVVIg=
-33,-28,KFvQ9TQ4dFux2f+gsfvfv94os7U=,vvyOw5ZT7sWaDG3f3zoyk8W883Y=
-38,-31,KFvQ9TQ4dFux2f+gsfvfv94os7U=,urLb1DC3BmlA36Ezj+Sp65nhqo4=
-48,-19,KFvQ9TQ4dFux2f+gsfvfv94os7U=,NiSxvfrHI8U1XGPKzlGeID3vC5o=
-33,-29,3CWfrpSOz1hGZNCMVskZF0Jfyo8=,gdeEZaxaAqF1VJ+UjyNnRzP6STY=
-47,-24,3CWfrpSOz1hGZNCMVskZF0Jfyo8=,Lk+ALIEdUDE25otAM4T7NkbVVIg=
-33,-26,3CWfrpSOz1hGZNCMVskZF0Jfyo8=,vvyOw5ZT7sWaDG3f3zoyk8W883Y=
-35,-32,3CWfrpSOz1hGZNCMVskZF0Jfyo8=,gdeEZaxaAqF1VJ+UjyNnRzP6STY=
-47,-22,3CWfrpSOz1hGZNCMVskZF0Jfyo8=,Lk+ALIEdUDE25otAM4T7NkbVVIg=
-33,-30,3CWfrpSOz1hGZNCMVskZF0Jfyo8=,gdeEZaxaAqF1VJ+UjyNnRzP6STY=
-34,-25,3CWfrpSOz1hGZNCMVskZF0Jfyo8=,vvyOw5ZT7sWaDG3f3zoyk8W883Y=
-36,-32,3CWfrpSOz1hGZNCMVskZF0Jfyo8=,gdeEZaxaAqF1VJ+UjyNnRzP6STY=
-47,-23,3CWfrpSOz1hGZNCMVskZF0Jfyo8=,Lk+ALIEdUDE25otAM4T7NkbVVIg=
-47,-20,3CWfrpSOz1hGZNCMVskZF0Jfyo8=,NiSxvfrHI8U1XGPKzlGeID3vC5o=
-34,-30,3CWfrpSOz1hGZNCMVskZF0Jfyo8=,gdeEZaxaAqF1VJ+UjyNnRzP6STY=
-34,-26,3CWfrpSOz1hGZNCMVskZF0Jfyo8=,vvyOw5ZT7sWaDG3f3zoyk8W883Y=
-35,-31,3CWfrpSOz1hGZNCMVskZF0Jfyo8=,gdeEZaxaAqF1VJ+UjyNnRzP6STY=
-47,-21,3CWfrpSOz1hGZNCMVskZF0Jfyo8=,Lk+ALIEdUDE25otAM4T7NkbVVIg=
-47,-19,3CWfrpSOz1hGZNCMVskZF0Jfyo8=,NiSxvfrHI8U1XGPKzlGeID3vC5o=
-33,-25,3CWfrpSOz1hGZNCMVskZF0Jfyo8=,vvyOw5ZT7sWaDG3f3zoyk8W883Y=
-34,-28,A1/X9kPw/O1eRVqcRNS2ERLlB8Q=,vvyOw5ZT7sWaDG3f3zoyk8W883Y=
-35,-17,A1/X9kPw/O1eRVqcRNS2ERLlB8Q=,LTX6qAr1YYlrBfihS03MOlaIodM=
-36,-31,A1/X9kPw/O1eRVqcRNS2ERLlB8Q=,gdeEZaxaAqF1VJ+UjyNnRzP6STY=
-33,-19,A1/X9kPw/O1eRVqcRNS2ERLlB8Q=,LTX6qAr1YYlrBfihS03MOlaIodM=
-45,-18,A1/X9kPw/O1eRVqcRNS2ERLlB8Q=,NiSxvfrHI8U1XGPKzlGeID3vC5o=
-34,-29,A1/X9kPw/O1eRVqcRNS2ERLlB8Q=,gdeEZaxaAqF1VJ+UjyNnRzP6STY=
-33,-23,A1/X9kPw/O1eRVqcRNS2ERLlB8Q=,A8D4DPfAICDQbh31igCuYxWiZHc=
-37,-32,A1/X9kPw/O1eRVqcRNS2ERLlB8Q=,urLb1DC3BmlA36Ezj+Sp65nhqo4=
-46,-17,A1/X9kPw/O1eRVqcRNS2ERLlB8Q=,NiSxvfrHI8U1XGPKzlGeID3vC5o=
-35,-18,A1/X9kPw/O1eRVqcRNS2ERLlB8Q=,LTX6qAr1YYlrBfihS03MOlaIodM=
-33,-21,A1/X9kPw/O1eRVqcRNS2ERLlB8Q=,A8D4DPfAICDQbh31igCuYxWiZHc=
-46,-18,A1/X9kPw/O1eRVqcRNS2ERLlB8Q=,NiSxvfrHI8U1XGPKzlGeID3vC5o=
-38,-18,A1/X9kPw/O1eRVqcRNS2ERLlB8Q=,unaFW7rC7m8rdg4UiAZX0zd+2gE=
-48,-18,A1/X9kPw/O1eRVqcRNS2ERLlB8Q=,NiSxvfrHI8U1XGPKzlGeID3vC5o=
-34,-22,rk5Xs4CKNvWLpLqrk0W5GRdS+qY=,A8D4DPfAICDQbh31igCuYxWiZHc=
-37,-18,rk5Xs4CKNvWLpLqrk0W5GRdS+qY=,unaFW7rC7m8rdg4UiAZX0zd+2gE=
-36,-18,rk5Xs4CKNvWLpLqrk0W5GRdS+qY=,LTX6qAr1YYlrBfihS03MOlaIodM=
-41,-17,rk5Xs4CKNvWLpLqrk0W5GRdS+qY=,ym1UxAm5G+28XLmPrqVgVpm8TCI=
-42,-17,rk5Xs4CKNvWLpLqrk0W5GRdS+qY=,ym1UxAm5G+28XLmPrqVgVpm8TCI=
-34,-17,rk5Xs4CKNvWLpLqrk0W5GRdS+qY=,LTX6qAr1YYlrBfihS03MOlaIodM=
-37,-17,rk5Xs4CKNvWLpLqrk0W5GRdS+qY=,unaFW7rC7m8rdg4UiAZX0zd+2gE=
-33,-20,rk5Xs4CKNvWLpLqrk0W5GRdS+qY=,LTX6qAr1YYlrBfihS03MOlaIodM=
-38,-17,rk5Xs4CKNvWLpLqrk0W5GRdS+qY=,unaFW7rC7m8rdg4UiAZX0zd+2gE=
-34,-23,rk5Xs4CKNvWLpLqrk0W5GRdS+qY=,A8D4DPfAICDQbh31igCuYxWiZHc=
-36,-17,rk5Xs4CKNvWLpLqrk0W5GRdS+qY=,LTX6qAr1YYlrBfihS03MOlaIodM=
-47,-17,rk5Xs4CKNvWLpLqrk0W5GRdS+qY=,NiSxvfrHI8U1XGPKzlGeID3vC5o=
-33,-24,rk5Xs4CKNvWLpLqrk0W5GRdS+qY=,A8D4DPfAICDQbh31igCuYxWiZHc=
-43,-17,rk5Xs4CKNvWLpLqrk0W5GRdS+qY=,ym1UxAm5G+28XLmPrqVgVpm8TCI=
-39,-17,rk5Xs4CKNvWLpLqrk0W5GRdS+qY=,unaFW7rC7m8rdg4UiAZX0zd+2gE=
-33,-17,rk5Xs4CKNvWLpLqrk0W5GRdS+qY=,LTX6qAr1YYlrBfihS03MOlaIodM=
-33,-18,SLrS6Ntxai8exignWukt9bpOk9w=,LTX6qAr1YYlrBfihS03MOlaIodM=
-33,-22,SLrS6Ntxai8exignWukt9bpOk9w=,A8D4DPfAICDQbh31igCuYxWiZHc=
-47,-18,SLrS6Ntxai8exignWukt9bpOk9w=,NiSxvfrHI8U1XGPKzlGeID3vC5o=
-40,-17,SLrS6Ntxai8exignWukt9bpOk9w=,unaFW7rC7m8rdg4UiAZX0zd+2gE=
-48,-17,SLrS6Ntxai8exignWukt9bpOk9w=,NiSxvfrHI8U1XGPKzlGeID3vC5o=
-44,-17,SLrS6Ntxai8exignWukt9bpOk9w=,ym1UxAm5G+28XLmPrqVgVpm8TCI=
-34,-24,SLrS6Ntxai8exignWukt9bpOk9w=,A8D4DPfAICDQbh31igCuYxWiZHc=
-48,-32,SLrS6Ntxai8exignWukt9bpOk9w=,umL0Xoo+nbFOpQ255nA0vv4bx4M=
-45,-17,SLrS6Ntxai8exignWukt9bpOk9w=,NiSxvfrHI8U1XGPKzlGeID3vC5o=
-33,-32,SLrS6Ntxai8exignWukt9bpOk9w=,gdeEZaxaAqF1VJ+UjyNnRzP6STY=
-41,-18,SLrS6Ntxai8exignWukt9bpOk9w=,ym1UxAm5G+28XLmPrqVgVpm8TCI=
-34,-21,SLrS6Ntxai8exignWukt9bpOk9w=,A8D4DPfAICDQbh31igCuYxWiZHc=
-47,-32,SLrS6Ntxai8exignWukt9bpOk9w=,umL0Xoo+nbFOpQ255nA0vv4bx4M=
-34,-19,Aps2SGM3mHpVQ/aEba9kWVNJF4s=,LTX6qAr1YYlrBfihS03MOlaIodM=
-34,-18,Aps2SGM3mHpVQ/aEba9kWVNJF4s=,LTX6qAr1YYlrBfihS03MOlaIodM=
-34,-32,Aps2SGM3mHpVQ/aEba9kWVNJF4s=,gdeEZaxaAqF1VJ+UjyNnRzP6STY=
-39,-18,Aps2SGM3mHpVQ/aEba9kWVNJF4s=,unaFW7rC7m8rdg4UiAZX0zd+2gE=
-42,-18,Aps2SGM3mHpVQ/aEba9kWVNJF4s=,ym1UxAm5G+28XLmPrqVgVpm8TCI=
-34,-20,Aps2SGM3mHpVQ/aEba9kWVNJF4s=,LTX6qAr1YYlrBfihS03MOlaIodM=
-43,-18,Aps2SGM3mHpVQ/aEba9kWVNJF4s=,ym1UxAm5G+28XLmPrqVgVpm8TCI=
-47,-31,Aps2SGM3mHpVQ/aEba9kWVNJF4s=,umL0Xoo+nbFOpQ255nA0vv4bx4M=
-40,-18,Aps2SGM3mHpVQ/aEba9kWVNJF4s=,unaFW7rC7m8rdg4UiAZX0zd+2gE=
-33,-31,Aps2SGM3mHpVQ/aEba9kWVNJF4s=,gdeEZaxaAqF1VJ+UjyNnRzP6STY=
-48,-31,Aps2SGM3mHpVQ/aEba9kWVNJF4s=,umL0Xoo+nbFOpQ255nA0vv4bx4M=
-34,-31,Aps2SGM3mHpVQ/aEba9kWVNJF4s=,gdeEZaxaAqF1VJ+UjyNnRzP6STY=
-44,-18,Aps2SGM3mHpVQ/aEba9kWVNJF4s=,ym1UxAm5G+28XLmPrqVgVpm8TCI=
-62,-22,/XUJkiG6oKpqhXWhLvK8h02NyhY=,9f9dQD+ueWr5mC8eU35k3FpZAbM=
-59,-19,fjHGRF0sorzCdz7PNXnb0K/IJOw=,BPTbzmNppo6zklMOqGqY45PnwEw=
-60,-20,fjHGRF0sorzCdz7PNXnb0K/IJOw=,BPTbzmNppo6zklMOqGqY45PnwEw=
-60,-19,fjHGRF0sorzCdz7PNXnb0K/IJOw=,BPTbzmNppo6zklMOqGqY45PnwEw=
-62,-21,fjHGRF0sorzCdz7PNXnb0K/IJOw=,9f9dQD+ueWr5mC8eU35k3FpZAbM=
-61,-19,fjHGRF0sorzCdz7PNXnb0K/IJOw=,KVouiAp2TqM9I4DfCpLcncLRZLQ=
-60,-21,fjHGRF0sorzCdz7PNXnb0K/IJOw=,ZspvbgAucOp78jq5EMsixkJSINc=
-62,-19,fjHGRF0sorzCdz7PNXnb0K/IJOw=,KVouiAp2TqM9I4DfCpLcncLRZLQ=
-59,-20,fjHGRF0sorzCdz7PNXnb0K/IJOw=,BPTbzmNppo6zklMOqGqY45PnwEw=
-59,-22,fjHGRF0sorzCdz7PNXnb0K/IJOw=,ZspvbgAucOp78jq5EMsixkJSINc=
-60,-22,fjHGRF0sorzCdz7PNXnb0K/IJOw=,ZspvbgAucOp78jq5EMsixkJSINc=
-59,-21,fjHGRF0sorzCdz7PNXnb0K/IJOw=,ZspvbgAucOp78jq5EMsixkJSINc=
-61,-21,fjHGRF0sorzCdz7PNXnb0K/IJOw=,9f9dQD+ueWr5mC8eU35k3FpZAbM=
-62,-20,fjHGRF0sorzCdz7PNXnb0K/IJOw=,KVouiAp2TqM9I4DfCpLcncLRZLQ=
-61,-22,fjHGRF0sorzCdz7PNXnb0K/IJOw=,9f9dQD+ueWr5mC8eU35k3FpZAbM=
-61,-20,fjHGRF0sorzCdz7PNXnb0K/IJOw=,KVouiAp2TqM9I4DfCpLcncLRZLQ=
-55,-22,FOBwbRCncRJAKj/HE6yepVs0bXk=,Brm6x0TckB6cor1VXemu212LnW8=
-54,-21,FOBwbRCncRJAKj/HE6yepVs0bXk=,Brm6x0TckB6cor1VXemu212LnW8=
-56,-20,FOBwbRCncRJAKj/HE6yepVs0bXk=,0RR84i5uAaprh0+HCAfXcQeb9Bk=
-55,-21,FOBwbRCncRJAKj/HE6yepVs0bXk=,Brm6x0TckB6cor1VXemu212LnW8=
-57,-20,FOBwbRCncRJAKj/HE6yepVs0bXk=,BPTbzmNppo6zklMOqGqY45PnwEw=
-54,-20,FOBwbRCncRJAKj/HE6yepVs0bXk=,0RR84i5uAaprh0+HCAfXcQeb9Bk=
-55,-20,FOBwbRCncRJAKj/HE6yepVs0bXk=,0RR84i5uAaprh0+HCAfXcQeb9Bk=
-57,-21,FOBwbRCncRJAKj/HE6yepVs0bXk=,ZspvbgAucOp78jq5EMsixkJSINc=
-56,-21,FOBwbRCncRJAKj/HE6yepVs0bXk=,Brm6x0TckB6cor1VXemu212LnW8=
-58,-21,FOBwbRCncRJAKj/HE6yepVs0bXk=,ZspvbgAucOp78jq5EMsixkJSINc=
-57,-19,FOBwbRCncRJAKj/HE6yepVs0bXk=,BPTbzmNppo6zklMOqGqY45PnwEw=
-58,-20,FOBwbRCncRJAKj/HE6yepVs0bXk=,BPTbzmNppo6zklMOqGqY45PnwEw=
-58,-22,FOBwbRCncRJAKj/HE6yepVs0bXk=,ZspvbgAucOp78jq5EMsixkJSINc=
-56,-22,FOBwbRCncRJAKj/HE6yepVs0bXk=,Brm6x0TckB6cor1VXemu212LnW8=
-55,-19,FOBwbRCncRJAKj/HE6yepVs0bXk=,0RR84i5uAaprh0+HCAfXcQeb9Bk=
-57,-22,FOBwbRCncRJAKj/HE6yepVs0bXk=,ZspvbgAucOp78jq5EMsixkJSINc=
-58,-19,FOBwbRCncRJAKj/HE6yepVs0bXk=,BPTbzmNppo6zklMOqGqY45PnwEw=
-56,-19,mgmA58nIRAnevcRagSKEp2jN4jk=,0RR84i5uAaprh0+HCAfXcQeb9Bk=
-53,-20,nyCQnyfRAiBZ3gPuy4htyPtUKT0=,0RR84i5uAaprh0+HCAfXcQeb9Bk=
-53,-21,nyCQnyfRAiBZ3gPuy4htyPtUKT0=,Brm6x0TckB6cor1VXemu212LnW8=
-51,-19,nyCQnyfRAiBZ3gPuy4htyPtUKT0=,Pxkx/J56yT62dUPpRE0lDtmdqa8=
-54,-19,nyCQnyfRAiBZ3gPuy4htyPtUKT0=,0RR84i5uAaprh0+HCAfXcQeb9Bk=
-52,-20,nyCQnyfRAiBZ3gPuy4htyPtUKT0=,Pxkx/J56yT62dUPpRE0lDtmdqa8=
-52,-22,nyCQnyfRAiBZ3gPuy4htyPtUKT0=,kOIuXs19R5Y4MQ3SRtk2GRLq1GI=
-53,-19,nyCQnyfRAiBZ3gPuy4htyPtUKT0=,0RR84i5uAaprh0+HCAfXcQeb9Bk=
-52,-21,nyCQnyfRAiBZ3gPuy4htyPtUKT0=,kOIuXs19R5Y4MQ3SRtk2GRLq1GI=
-52,-19,nyCQnyfRAiBZ3gPuy4htyPtUKT0=,Pxkx/J56yT62dUPpRE0lDtmdqa8=
-53,-22,nyCQnyfRAiBZ3gPuy4htyPtUKT0=,Brm6x0TckB6cor1VXemu212LnW8=
-54,-22,nyCQnyfRAiBZ3gPuy4htyPtUKT0=,Brm6x0TckB6cor1VXemu212LnW8=
-51,-20,nyCQnyfRAiBZ3gPuy4htyPtUKT0=,Pxkx/J56yT62dUPpRE0lDtmdqa8=
-51,-22,nyCQnyfRAiBZ3gPuy4htyPtUKT0=,kOIuXs19R5Y4MQ3SRtk2GRLq1GI=
-51,-21,nyCQnyfRAiBZ3gPuy4htyPtUKT0=,kOIuXs19R5Y4MQ3SRtk2GRLq1GI=
-54,-23,v8RrtD2UEYdPIrBROvyx1Xan2ds=,Brm6x0TckB6cor1VXemu212LnW8=
-52,-25,v8RrtD2UEYdPIrBROvyx1Xan2ds=,UkTZK7H9aDzgohf0Ck2tUSvE1cE=
-51,-25,v8RrtD2UEYdPIrBROvyx1Xan2ds=,UkTZK7H9aDzgohf0Ck2tUSvE1cE=
-51,-24,v8RrtD2UEYdPIrBROvyx1Xan2ds=,kOIuXs19R5Y4MQ3SRtk2GRLq1GI=
-53,-23,v8RrtD2UEYdPIrBROvyx1Xan2ds=,Brm6x0TckB6cor1VXemu212LnW8=
-53,-26,v8RrtD2UEYdPIrBROvyx1Xan2ds=,rSrYX4Yg4SXR/y6XV5eYeGDtmQE=
-51,-23,v8RrtD2UEYdPIrBROvyx1Xan2ds=,kOIuXs19R5Y4MQ3SRtk2GRLq1GI=
-54,-24,v8RrtD2UEYdPIrBROvyx1Xan2ds=,Brm6x0TckB6cor1VXemu212LnW8=
-52,-23,v8RrtD2UEYdPIrBROvyx1Xan2ds=,kOIuXs19R5Y4MQ3SRtk2GRLq1GI=
-52,-24,v8RrtD2UEYdPIrBROvyx1Xan2ds=,kOIuXs19R5Y4MQ3SRtk2GRLq1GI=
-53,-24,v8RrtD2UEYdPIrBROvyx1Xan2ds=,Brm6x0TckB6cor1VXemu212LnW8=
-54,-25,GRE8L0jOrLbE4EiVVZQQMXT8QVg=,rSrYX4Yg4SXR/y6XV5eYeGDtmQE=
-54,-26,GRE8L0jOrLbE4EiVVZQQMXT8QVg=,rSrYX4Yg4SXR/y6XV5eYeGDtmQE=
-51,-26,GRE8L0jOrLbE4EiVVZQQMXT8QVg=,UkTZK7H9aDzgohf0Ck2tUSvE1cE=
-52,-26,GRE8L0jOrLbE4EiVVZQQMXT8QVg=,UkTZK7H9aDzgohf0Ck2tUSvE1cE=
-53,-25,GRE8L0jOrLbE4EiVVZQQMXT8QVg=,rSrYX4Yg4SXR/y6XV5eYeGDtmQE=
-55,-23,GRE8L0jOrLbE4EiVVZQQMXT8QVg=,Brm6x0TckB6cor1VXemu212LnW8=
-57,-24,GRE8L0jOrLbE4EiVVZQQMXT8QVg=,ZspvbgAucOp78jq5EMsixkJSINc=
-56,-23,GRE8L0jOrLbE4EiVVZQQMXT8QVg=,Brm6x0TckB6cor1VXemu212LnW8=
-58,-23,GRE8L0jOrLbE4EiVVZQQMXT8QVg=,ZspvbgAucOp78jq5EMsixkJSINc=
-57,-23,GRE8L0jOrLbE4EiVVZQQMXT8QVg=,ZspvbgAucOp78jq5EMsixkJSINc=
-55,-26,GRE8L0jOrLbE4EiVVZQQMXT8QVg=,rSrYX4Yg4SXR/y6XV5eYeGDtmQE=
-55,-24,GRE8L0jOrLbE4EiVVZQQMXT8QVg=,Brm6x0TckB6cor1VXemu212LnW8=
-55,-25,GRE8L0jOrLbE4EiVVZQQMXT8QVg=,rSrYX4Yg4SXR/y6XV5eYeGDtmQE=
-58,-24,GRE8L0jOrLbE4EiVVZQQMXT8QVg=,ZspvbgAucOp78jq5EMsixkJSINc=
-56,-24,GRE8L0jOrLbE4EiVVZQQMXT8QVg=,Brm6x0TckB6cor1VXemu212LnW8=
-58,-26,GRE8L0jOrLbE4EiVVZQQMXT8QVg=,KWvkgIQd4wr3/Fs2NV0HWlHO+uo=
-57,-26,GRE8L0jOrLbE4EiVVZQQMXT8QVg=,KWvkgIQd4wr3/Fs2NV0HWlHO+uo=
-58,-25,GRE8L0jOrLbE4EiVVZQQMXT8QVg=,KWvkgIQd4wr3/Fs2NV0HWlHO+uo=
-56,-26,GRE8L0jOrLbE4EiVVZQQMXT8QVg=,rSrYX4Yg4SXR/y6XV5eYeGDtmQE=
-57,-25,GRE8L0jOrLbE4EiVVZQQMXT8QVg=,KWvkgIQd4wr3/Fs2NV0HWlHO+uo=
-56,-25,GRE8L0jOrLbE4EiVVZQQMXT8QVg=,rSrYX4Yg4SXR/y6XV5eYeGDtmQE=
-59,-30,GRE8L0jOrLbE4EiVVZQQMXT8QVg=,VAtkzHXZ4Y28mOgTgSXbkCaw+hM=
-59,-31,GRE8L0jOrLbE4EiVVZQQMXT8QVg=,VAtkzHXZ4Y28mOgTgSXbkCaw+hM=
-59,-29,GRE8L0jOrLbE4EiVVZQQMXT8QVg=,VAtkzHXZ4Y28mOgTgSXbkCaw+hM=
-63,-27,mpXNvurfw8KC5WxQxeZxFh+e/gk=,HnrwsE4mSyWBMLdlkm1nW5y8BT4=
-62,-27,mpXNvurfw8KC5WxQxeZxFh+e/gk=,HnrwsE4mSyWBMLdlkm1nW5y8BT4=
-62,-26,mpXNvurfw8KC5WxQxeZxFh+e/gk=,HnrwsE4mSyWBMLdlkm1nW5y8BT4=
-61,-26,mpXNvurfw8KC5WxQxeZxFh+e/gk=,HnrwsE4mSyWBMLdlkm1nW5y8BT4=
-60,-24,mpXNvurfw8KC5WxQxeZxFh+e/gk=,ZspvbgAucOp78jq5EMsixkJSINc=
-59,-23,mpXNvurfw8KC5WxQxeZxFh+e/gk=,ZspvbgAucOp78jq5EMsixkJSINc=
-62,-23,mpXNvurfw8KC5WxQxeZxFh+e/gk=,9f9dQD+ueWr5mC8eU35k3FpZAbM=
-59,-26,mpXNvurfw8KC5WxQxeZxFh+e/gk=,KWvkgIQd4wr3/Fs2NV0HWlHO+uo=
-61,-23,mpXNvurfw8KC5WxQxeZxFh+e/gk=,9f9dQD+ueWr5mC8eU35k3FpZAbM=
-60,-23,mpXNvurfw8KC5WxQxeZxFh+e/gk=,ZspvbgAucOp78jq5EMsixkJSINc=
-59,-24,mpXNvurfw8KC5WxQxeZxFh+e/gk=,ZspvbgAucOp78jq5EMsixkJSINc=
-62,-25,mpXNvurfw8KC5WxQxeZxFh+e/gk=,HnrwsE4mSyWBMLdlkm1nW5y8BT4=
-61,-24,mpXNvurfw8KC5WxQxeZxFh+e/gk=,9f9dQD+ueWr5mC8eU35k3FpZAbM=
-60,-25,mpXNvurfw8KC5WxQxeZxFh+e/gk=,KWvkgIQd4wr3/Fs2NV0HWlHO+uo=
-60,-26,mpXNvurfw8KC5WxQxeZxFh+e/gk=,KWvkgIQd4wr3/Fs2NV0HWlHO+uo=
-59,-25,mpXNvurfw8KC5WxQxeZxFh+e/gk=,KWvkgIQd4wr3/Fs2NV0HWlHO+uo=
-62,-24,mpXNvurfw8KC5WxQxeZxFh+e/gk=,9f9dQD+ueWr5mC8eU35k3FpZAbM=
-61,-25,mpXNvurfw8KC5WxQxeZxFh+e/gk=,HnrwsE4mSyWBMLdlkm1nW5y8BT4=
-64,-27,mpXNvurfw8KC5WxQxeZxFh+e/gk=,HnrwsE4mSyWBMLdlkm1nW5y8BT4=
-64,-26,mpXNvurfw8KC5WxQxeZxFh+e/gk=,HnrwsE4mSyWBMLdlkm1nW5y8BT4=
-63,-29,mpXNvurfw8KC5WxQxeZxFh+e/gk=,gL2pJ7e3gmbRY7NXrS+LYYsXxpw=
-62,-29,mpXNvurfw8KC5WxQxeZxFh+e/gk=,gL2pJ7e3gmbRY7NXrS+LYYsXxpw=
-61,-30,mpXNvurfw8KC5WxQxeZxFh+e/gk=,gL2pJ7e3gmbRY7NXrS+LYYsXxpw=
-61,-29,mpXNvurfw8KC5WxQxeZxFh+e/gk=,gL2pJ7e3gmbRY7NXrS+LYYsXxpw=
-60,-30,mpXNvurfw8KC5WxQxeZxFh+e/gk=,VAtkzHXZ4Y28mOgTgSXbkCaw+hM=
-63,-28,mpXNvurfw8KC5WxQxeZxFh+e/gk=,HnrwsE4mSyWBMLdlkm1nW5y8BT4=
-60,-31,mpXNvurfw8KC5WxQxeZxFh+e/gk=,VAtkzHXZ4Y28mOgTgSXbkCaw+hM=
-60,-28,mpXNvurfw8KC5WxQxeZxFh+e/gk=,KWvkgIQd4wr3/Fs2NV0HWlHO+uo=
-61,-27,mpXNvurfw8KC5WxQxeZxFh+e/gk=,HnrwsE4mSyWBMLdlkm1nW5y8BT4=
-61,-28,mpXNvurfw8KC5WxQxeZxFh+e/gk=,HnrwsE4mSyWBMLdlkm1nW5y8BT4=
-60,-29,mpXNvurfw8KC5WxQxeZxFh+e/gk=,VAtkzHXZ4Y28mOgTgSXbkCaw+hM=
-62,-28,mpXNvurfw8KC5WxQxeZxFh+e/gk=,HnrwsE4mSyWBMLdlkm1nW5y8BT4=
-59,-28,mpXNvurfw8KC5WxQxeZxFh+e/gk=,KWvkgIQd4wr3/Fs2NV0HWlHO+uo=
-60,-27,mpXNvurfw8KC5WxQxeZxFh+e/gk=,KWvkgIQd4wr3/Fs2NV0HWlHO+uo=
-62,-30,mpXNvurfw8KC5WxQxeZxFh+e/gk=,gL2pJ7e3gmbRY7NXrS+LYYsXxpw=
-59,-27,VzCcZDkCLe3KY8BTvctBslxbGa4=,KWvkgIQd4wr3/Fs2NV0HWlHO+uo=
-57,-29,VzCcZDkCLe3KY8BTvctBslxbGa4=,VAtkzHXZ4Y28mOgTgSXbkCaw+hM=
-55,-29,VzCcZDkCLe3KY8BTvctBslxbGa4=,kHVqTzxDNjGIPdmWbJxI5jqwDx8=
-56,-29,VzCcZDkCLe3KY8BTvctBslxbGa4=,kHVqTzxDNjGIPdmWbJxI5jqwDx8=
-57,-28,VzCcZDkCLe3KY8BTvctBslxbGa4=,KWvkgIQd4wr3/Fs2NV0HWlHO+uo=
-55,-30,VzCcZDkCLe3KY8BTvctBslxbGa4=,kHVqTzxDNjGIPdmWbJxI5jqwDx8=
-58,-27,VzCcZDkCLe3KY8BTvctBslxbGa4=,KWvkgIQd4wr3/Fs2NV0HWlHO+uo=
-56,-27,VzCcZDkCLe3KY8BTvctBslxbGa4=,rSrYX4Yg4SXR/y6XV5eYeGDtmQE=
-55,-27,VzCcZDkCLe3KY8BTvctBslxbGa4=,rSrYX4Yg4SXR/y6XV5eYeGDtmQE=
-57,-27,VzCcZDkCLe3KY8BTvctBslxbGa4=,KWvkgIQd4wr3/Fs2NV0HWlHO+uo=
-58,-29,VzCcZDkCLe3KY8BTvctBslxbGa4=,VAtkzHXZ4Y28mOgTgSXbkCaw+hM=
-56,-30,VzCcZDkCLe3KY8BTvctBslxbGa4=,kHVqTzxDNjGIPdmWbJxI5jqwDx8=
-58,-30,VzCcZDkCLe3KY8BTvctBslxbGa4=,VAtkzHXZ4Y28mOgTgSXbkCaw+hM=
-58,-28,F+T2Kk898laS354foKHieDKYSPQ=,KWvkgIQd4wr3/Fs2NV0HWlHO+uo=
-57,-30,F+T2Kk898laS354foKHieDKYSPQ=,VAtkzHXZ4Y28mOgTgSXbkCaw+hM=
-55,-28,F+T2Kk898laS354foKHieDKYSPQ=,rSrYX4Yg4SXR/y6XV5eYeGDtmQE=
-56,-28,F+T2Kk898laS354foKHieDKYSPQ=,rSrYX4Yg4SXR/y6XV5eYeGDtmQE=
-53,-28,F+T2Kk898laS354foKHieDKYSPQ=,rSrYX4Yg4SXR/y6XV5eYeGDtmQE=
-53,-29,F+T2Kk898laS354foKHieDKYSPQ=,kHVqTzxDNjGIPdmWbJxI5jqwDx8=
-52,-29,F+T2Kk898laS354foKHieDKYSPQ=,Zu93/TUlA5Bwi13ANCpO+KO97Jk=
-51,-30,F+T2Kk898laS354foKHieDKYSPQ=,Zu93/TUlA5Bwi13ANCpO+KO97Jk=
-51,-28,F+T2Kk898laS354foKHieDKYSPQ=,UkTZK7H9aDzgohf0Ck2tUSvE1cE=
-52,-30,F+T2Kk898laS354foKHieDKYSPQ=,Zu93/TUlA5Bwi13ANCpO+KO97Jk=
-51,-29,l43ZJTxN8oJUMHocQ/t4pmVnAFY=,Zu93/TUlA5Bwi13ANCpO+KO97Jk=
-54,-29,l43ZJTxN8oJUMHocQ/t4pmVnAFY=,kHVqTzxDNjGIPdmWbJxI5jqwDx8=
-54,-30,l43ZJTxN8oJUMHocQ/t4pmVnAFY=,kHVqTzxDNjGIPdmWbJxI5jqwDx8=
-53,-30,l43ZJTxN8oJUMHocQ/t4pmVnAFY=,kHVqTzxDNjGIPdmWbJxI5jqwDx8=
-52,-28,l43ZJTxN8oJUMHocQ/t4pmVnAFY=,UkTZK7H9aDzgohf0Ck2tUSvE1cE=
-54,-27,l43ZJTxN8oJUMHocQ/t4pmVnAFY=,rSrYX4Yg4SXR/y6XV5eYeGDtmQE=
-54,-28,l43ZJTxN8oJUMHocQ/t4pmVnAFY=,rSrYX4Yg4SXR/y6XV5eYeGDtmQE=
-53,-27,l43ZJTxN8oJUMHocQ/t4pmVnAFY=,rSrYX4Yg4SXR/y6XV5eYeGDtmQE=
-54,-32,l43ZJTxN8oJUMHocQ/t4pmVnAFY=,kHVqTzxDNjGIPdmWbJxI5jqwDx8=
-52,-27,l43ZJTxN8oJUMHocQ/t4pmVnAFY=,UkTZK7H9aDzgohf0Ck2tUSvE1cE=
-51,-27,l43ZJTxN8oJUMHocQ/t4pmVnAFY=,UkTZK7H9aDzgohf0Ck2tUSvE1cE=
-52,-31,l43ZJTxN8oJUMHocQ/t4pmVnAFY=,Zu93/TUlA5Bwi13ANCpO+KO97Jk=
-53,-32,l43ZJTxN8oJUMHocQ/t4pmVnAFY=,kHVqTzxDNjGIPdmWbJxI5jqwDx8=
-54,-31,l43ZJTxN8oJUMHocQ/t4pmVnAFY=,kHVqTzxDNjGIPdmWbJxI5jqwDx8=
-51,-32,l43ZJTxN8oJUMHocQ/t4pmVnAFY=,Zu93/TUlA5Bwi13ANCpO+KO97Jk=
-52,-32,l43ZJTxN8oJUMHocQ/t4pmVnAFY=,Zu93/TUlA5Bwi13ANCpO+KO97Jk=
-53,-31,l43ZJTxN8oJUMHocQ/t4pmVnAFY=,kHVqTzxDNjGIPdmWbJxI5jqwDx8=
-51,-31,l43ZJTxN8oJUMHocQ/t4pmVnAFY=,Zu93/TUlA5Bwi13ANCpO+KO97Jk=
-50,-27,1/kNZ1Qo6El70PY6k39f8IYFGlk=,UkTZK7H9aDzgohf0Ck2tUSvE1cE=
-49,-27,1/kNZ1Qo6El70PY6k39f8IYFGlk=,UkTZK7H9aDzgohf0Ck2tUSvE1cE=
-49,-28,1/kNZ1Qo6El70PY6k39f8IYFGlk=,UkTZK7H9aDzgohf0Ck2tUSvE1cE=
-49,-29,1/kNZ1Qo6El70PY6k39f8IYFGlk=,Zu93/TUlA5Bwi13ANCpO+KO97Jk=
-50,-30,1/kNZ1Qo6El70PY6k39f8IYFGlk=,Zu93/TUlA5Bwi13ANCpO+KO97Jk=
-49,-30,1/kNZ1Qo6El70PY6k39f8IYFGlk=,Zu93/TUlA5Bwi13ANCpO+KO97Jk=
-50,-29,1/kNZ1Qo6El70PY6k39f8IYFGlk=,Zu93/TUlA5Bwi13ANCpO+KO97Jk=
-50,-28,1/kNZ1Qo6El70PY6k39f8IYFGlk=,UkTZK7H9aDzgohf0Ck2tUSvE1cE=
-49,-26,1/kNZ1Qo6El70PY6k39f8IYFGlk=,UkTZK7H9aDzgohf0Ck2tUSvE1cE=
-50,-26,1/kNZ1Qo6El70PY6k39f8IYFGlk=,UkTZK7H9aDzgohf0Ck2tUSvE1cE=
-49,-25,1/kNZ1Qo6El70PY6k39f8IYFGlk=,UkTZK7H9aDzgohf0Ck2tUSvE1cE=
-50,-23,1/kNZ1Qo6El70PY6k39f8IYFGlk=,kOIuXs19R5Y4MQ3SRtk2GRLq1GI=
-49,-24,1/kNZ1Qo6El70PY6k39f8IYFGlk=,kOIuXs19R5Y4MQ3SRtk2GRLq1GI=
-49,-23,1/kNZ1Qo6El70PY6k39f8IYFGlk=,kOIuXs19R5Y4MQ3SRtk2GRLq1GI=
-50,-24,1/kNZ1Qo6El70PY6k39f8IYFGlk=,kOIuXs19R5Y4MQ3SRtk2GRLq1GI=
-49,-21,1/kNZ1Qo6El70PY6k39f8IYFGlk=,kOIuXs19R5Y4MQ3SRtk2GRLq1GI=
-50,-25,1/kNZ1Qo6El70PY6k39f8IYFGlk=,UkTZK7H9aDzgohf0Ck2tUSvE1cE=
-49,-19,1/kNZ1Qo6El70PY6k39f8IYFGlk=,Pxkx/J56yT62dUPpRE0lDtmdqa8=
-50,-19,1/kNZ1Qo6El70PY6k39f8IYFGlk=,Pxkx/J56yT62dUPpRE0lDtmdqa8=
-49,-20,1/kNZ1Qo6El70PY6k39f8IYFGlk=,Pxkx/J56yT62dUPpRE0lDtmdqa8=
-50,-22,1/kNZ1Qo6El70PY6k39f8IYFGlk=,kOIuXs19R5Y4MQ3SRtk2GRLq1GI=
-50,-20,1/kNZ1Qo6El70PY6k39f8IYFGlk=,Pxkx/J56yT62dUPpRE0lDtmdqa8=
-49,-22,1/kNZ1Qo6El70PY6k39f8IYFGlk=,kOIuXs19R5Y4MQ3SRtk2GRLq1GI=
-50,-21,1/kNZ1Qo6El70PY6k39f8IYFGlk=,kOIuXs19R5Y4MQ3SRtk2GRLq1GI=
-49,-17,w2PkvS5O03RBz3BGPoMWWEfuGDE=,Pxkx/J56yT62dUPpRE0lDtmdqa8=
-50,-17,w2PkvS5O03RBz3BGPoMWWEfuGDE=,Pxkx/J56yT62dUPpRE0lDtmdqa8=
-50,-18,w2PkvS5O03RBz3BGPoMWWEfuGDE=,Pxkx/J56yT62dUPpRE0lDtmdqa8=
-49,-18,w2PkvS5O03RBz3BGPoMWWEfuGDE=,Pxkx/J56yT62dUPpRE0lDtmdqa8=
-54,-17,w2PkvS5O03RBz3BGPoMWWEfuGDE=,0RR84i5uAaprh0+HCAfXcQeb9Bk=
-53,-17,w2PkvS5O03RBz3BGPoMWWEfuGDE=,0RR84i5uAaprh0+HCAfXcQeb9Bk=
-51,-18,w2PkvS5O03RBz3BGPoMWWEfuGDE=,Pxkx/J56yT62dUPpRE0lDtmdqa8=
-52,-18,w2PkvS5O03RBz3BGPoMWWEfuGDE=,Pxkx/J56yT62dUPpRE0lDtmdqa8=
-52,-17,w2PkvS5O03RBz3BGPoMWWEfuGDE=,Pxkx/J56yT62dUPpRE0lDtmdqa8=
-54,-18,w2PkvS5O03RBz3BGPoMWWEfuGDE=,0RR84i5uAaprh0+HCAfXcQeb9Bk=
-53,-18,w2PkvS5O03RBz3BGPoMWWEfuGDE=,0RR84i5uAaprh0+HCAfXcQeb9Bk=
-51,-17,w2PkvS5O03RBz3BGPoMWWEfuGDE=,Pxkx/J56yT62dUPpRE0lDtmdqa8=
-60,-17,w2PkvS5O03RBz3BGPoMWWEfuGDE=,BPTbzmNppo6zklMOqGqY45PnwEw=
-61,-17,w2PkvS5O03RBz3BGPoMWWEfuGDE=,KVouiAp2TqM9I4DfCpLcncLRZLQ=
-59,-17,w2PkvS5O03RBz3BGPoMWWEfuGDE=,BPTbzmNppo6zklMOqGqY45PnwEw=
-58,-17,w2PkvS5O03RBz3BGPoMWWEfuGDE=,BPTbzmNppo6zklMOqGqY45PnwEw=
-62,-17,w2PkvS5O03RBz3BGPoMWWEfuGDE=,KVouiAp2TqM9I4DfCpLcncLRZLQ=
-58,-18,w2PkvS5O03RBz3BGPoMWWEfuGDE=,BPTbzmNppo6zklMOqGqY45PnwEw=
-57,-17,w2PkvS5O03RBz3BGPoMWWEfuGDE=,BPTbzmNppo6zklMOqGqY45PnwEw=
-60,-18,w2PkvS5O03RBz3BGPoMWWEfuGDE=,BPTbzmNppo6zklMOqGqY45PnwEw=
-59,-18,w2PkvS5O03RBz3BGPoMWWEfuGDE=,BPTbzmNppo6zklMOqGqY45PnwEw=
-55,-18,w2PkvS5O03RBz3BGPoMWWEfuGDE=,0RR84i5uAaprh0+HCAfXcQeb9Bk=
-62,-18,w2PkvS5O03RBz3BGPoMWWEfuGDE=,KVouiAp2TqM9I4DfCpLcncLRZLQ=
-57,-18,w2PkvS5O03RBz3BGPoMWWEfuGDE=,BPTbzmNppo6zklMOqGqY45PnwEw=
-61,-18,w2PkvS5O03RBz3BGPoMWWEfuGDE=,KVouiAp2TqM9I4DfCpLcncLRZLQ=
-56,-18,w2PkvS5O03RBz3BGPoMWWEfuGDE=,0RR84i5uAaprh0+HCAfXcQeb9Bk=
-56,-17,w2PkvS5O03RBz3BGPoMWWEfuGDE=,0RR84i5uAaprh0+HCAfXcQeb9Bk=
-55,-17,w2PkvS5O03RBz3BGPoMWWEfuGDE=,0RR84i5uAaprh0+HCAfXcQeb9Bk=
-63,-17,yDk0fasAA8spVNXUBq2EQ8mxbfE=,KVouiAp2TqM9I4DfCpLcncLRZLQ=
-64,-17,yDk0fasAA8spVNXUBq2EQ8mxbfE=,KVouiAp2TqM9I4DfCpLcncLRZLQ=
-63,-26,yDk0fasAA8spVNXUBq2EQ8mxbfE=,HnrwsE4mSyWBMLdlkm1nW5y8BT4=
-64,-25,yDk0fasAA8spVNXUBq2EQ8mxbfE=,HnrwsE4mSyWBMLdlkm1nW5y8BT4=
-63,-18,yDk0fasAA8spVNXUBq2EQ8mxbfE=,KVouiAp2TqM9I4DfCpLcncLRZLQ=
-64,-18,yDk0fasAA8spVNXUBq2EQ8mxbfE=,KVouiAp2TqM9I4DfCpLcncLRZLQ=
-63,-21,yDk0fasAA8spVNXUBq2EQ8mxbfE=,9f9dQD+ueWr5mC8eU35k3FpZAbM=
-63,-25,yDk0fasAA8spVNXUBq2EQ8mxbfE=,HnrwsE4mSyWBMLdlkm1nW5y8BT4=
-63,-20,yDk0fasAA8spVNXUBq2EQ8mxbfE=,KVouiAp2TqM9I4DfCpLcncLRZLQ=
-64,-22,yDk0fasAA8spVNXUBq2EQ8mxbfE=,9f9dQD+ueWr5mC8eU35k3FpZAbM=
-63,-19,yDk0fasAA8spVNXUBq2EQ8mxbfE=,KVouiAp2TqM9I4DfCpLcncLRZLQ=
-63,-23,yDk0fasAA8spVNXUBq2EQ8mxbfE=,9f9dQD+ueWr5mC8eU35k3FpZAbM=
-63,-22,yDk0fasAA8spVNXUBq2EQ8mxbfE=,9f9dQD+ueWr5mC8eU35k3FpZAbM=
-64,-21,yDk0fasAA8spVNXUBq2EQ8mxbfE=,9f9dQD+ueWr5mC8eU35k3FpZAbM=
-63,-24,yDk0fasAA8spVNXUBq2EQ8mxbfE=,9f9dQD+ueWr5mC8eU35k3FpZAbM=
-64,-24,yDk0fasAA8spVNXUBq2EQ8mxbfE=,9f9dQD+ueWr5mC8eU35k3FpZAbM=
-64,-23,yDk0fasAA8spVNXUBq2EQ8mxbfE=,9f9dQD+ueWr5mC8eU35k3FpZAbM=
-64,-19,yDk0fasAA8spVNXUBq2EQ8mxbfE=,KVouiAp2TqM9I4DfCpLcncLRZLQ=
-64,-20,yDk0fasAA8spVNXUBq2EQ8mxbfE=,KVouiAp2TqM9I4DfCpLcncLRZLQ=
-64,-29,yDk0fasAA8spVNXUBq2EQ8mxbfE=,gL2pJ7e3gmbRY7NXrS+LYYsXxpw=
-64,-28,yDk0fasAA8spVNXUBq2EQ8mxbfE=,HnrwsE4mSyWBMLdlkm1nW5y8BT4=
-63,-30,yDk0fasAA8spVNXUBq2EQ8mxbfE=,gL2pJ7e3gmbRY7NXrS+LYYsXxpw=
-64,-30,izqKhMMphI7omxh/lN/A2wYXDRk=,gL2pJ7e3gmbRY7NXrS+LYYsXxpw=
-59,-32,izqKhMMphI7omxh/lN/A2wYXDRk=,VAtkzHXZ4Y28mOgTgSXbkCaw+hM=
-58,-32,izqKhMMphI7omxh/lN/A2wYXDRk=,VAtkzHXZ4Y28mOgTgSXbkCaw+hM=
-58,-31,izqKhMMphI7omxh/lN/A2wYXDRk=,VAtkzHXZ4Y28mOgTgSXbkCaw+hM=
-61,-32,izqKhMMphI7omxh/lN/A2wYXDRk=,gL2pJ7e3gmbRY7NXrS+LYYsXxpw=
-57,-32,izqKhMMphI7omxh/lN/A2wYXDRk=,VAtkzHXZ4Y28mOgTgSXbkCaw+hM=
-56,-31,izqKhMMphI7omxh/lN/A2wYXDRk=,kHVqTzxDNjGIPdmWbJxI5jqwDx8=
-63,-32,izqKhMMphI7omxh/lN/A2wYXDRk=,gL2pJ7e3gmbRY7NXrS+LYYsXxpw=
-60,-32,izqKhMMphI7omxh/lN/A2wYXDRk=,VAtkzHXZ4Y28mOgTgSXbkCaw+hM=
-61,-31,izqKhMMphI7omxh/lN/A2wYXDRk=,gL2pJ7e3gmbRY7NXrS+LYYsXxpw=
-57,-31,izqKhMMphI7omxh/lN/A2wYXDRk=,VAtkzHXZ4Y28mOgTgSXbkCaw+hM=
-55,-31,izqKhMMphI7omxh/lN/A2wYXDRk=,kHVqTzxDNjGIPdmWbJxI5jqwDx8=
-56,-32,izqKhMMphI7omxh/lN/A2wYXDRk=,kHVqTzxDNjGIPdmWbJxI5jqwDx8=
-64,-32,izqKhMMphI7omxh/lN/A2wYXDRk=,gL2pJ7e3gmbRY7NXrS+LYYsXxpw=
-55,-32,izqKhMMphI7omxh/lN/A2wYXDRk=,kHVqTzxDNjGIPdmWbJxI5jqwDx8=
-62,-31,izqKhMMphI7omxh/lN/A2wYXDRk=,gL2pJ7e3gmbRY7NXrS+LYYsXxpw=
-50,-32,izqKhMMphI7omxh/lN/A2wYXDRk=,Zu93/TUlA5Bwi13ANCpO+KO97Jk=
-63,-31,izqKhMMphI7omxh/lN/A2wYXDRk=,gL2pJ7e3gmbRY7NXrS+LYYsXxpw=
-62,-32,izqKhMMphI7omxh/lN/A2wYXDRk=,gL2pJ7e3gmbRY7NXrS+LYYsXxpw=
-49,-32,izqKhMMphI7omxh/lN/A2wYXDRk=,Zu93/TUlA5Bwi13ANCpO+KO97Jk=
-64,-31,izqKhMMphI7omxh/lN/A2wYXDRk=,gL2pJ7e3gmbRY7NXrS+LYYsXxpw=
-49,-31,izqKhMMphI7omxh/lN/A2wYXDRk=,Zu93/TUlA5Bwi13ANCpO+KO97Jk=
-50,-31,izqKhMMphI7omxh/lN/A2wYXDRk=,Zu93/TUlA5Bwi13ANCpO+KO97Jk=
-53,-2,izqKhMMphI7omxh/lN/A2wYXDRk=,AtdWvGbvFi0Iq0O1nJ5Y7eHbIB0=
-52,-3,izqKhMMphI7omxh/lN/A2wYXDRk=,DTRKFOIjtuq7QQZWZxOwfFUI2mA=
-51,-3,izqKhMMphI7omxh/lN/A2wYXDRk=,DTRKFOIjtuq7QQZWZxOwfFUI2mA=
-53,-3,izqKhMMphI7omxh/lN/A2wYXDRk=,AtdWvGbvFi0Iq0O1nJ5Y7eHbIB0=
-50,-3,izqKhMMphI7omxh/lN/A2wYXDRk=,DTRKFOIjtuq7QQZWZxOwfFUI2mA=
-50,-2,izqKhMMphI7omxh/lN/A2wYXDRk=,DTRKFOIjtuq7QQZWZxOwfFUI2mA=
-52,-2,izqKhMMphI7omxh/lN/A2wYXDRk=,DTRKFOIjtuq7QQZWZxOwfFUI2mA=
-51,-2,izqKhMMphI7omxh/lN/A2wYXDRk=,DTRKFOIjtuq7QQZWZxOwfFUI2mA=
-51,-6,TvLL5cFJNZE2AHLX0OtYVMg5cxE=,OgGRXZm1Ruu9Kw/FAXPZDNdoIMg=
-58,-7,TvLL5cFJNZE2AHLX0OtYVMg5cxE=,QZxvgPb0OOPANcR4dKFRNsB0HsM=
-59,-7,TvLL5cFJNZE2AHLX0OtYVMg5cxE=,QZxvgPb0OOPANcR4dKFRNsB0HsM=
-51,-7,TvLL5cFJNZE2AHLX0OtYVMg5cxE=,OgGRXZm1Ruu9Kw/FAXPZDNdoIMg=
-58,-4,TvLL5cFJNZE2AHLX0OtYVMg5cxE=,ARcunimSJUU6eIYM+2Cn/Q78lzA=
-51,-4,TvLL5cFJNZE2AHLX0OtYVMg5cxE=,DTRKFOIjtuq7QQZWZxOwfFUI2mA=
-59,-4,TvLL5cFJNZE2AHLX0OtYVMg5cxE=,ARcunimSJUU6eIYM+2Cn/Q78lzA=
-59,-6,TvLL5cFJNZE2AHLX0OtYVMg5cxE=,QZxvgPb0OOPANcR4dKFRNsB0HsM=
-58,-6,TvLL5cFJNZE2AHLX0OtYVMg5cxE=,QZxvgPb0OOPANcR4dKFRNsB0HsM=
-59,-5,TvLL5cFJNZE2AHLX0OtYVMg5cxE=,QZxvgPb0OOPANcR4dKFRNsB0HsM=
-58,-5,TvLL5cFJNZE2AHLX0OtYVMg5cxE=,QZxvgPb0OOPANcR4dKFRNsB0HsM=
-50,-5,TvLL5cFJNZE2AHLX0OtYVMg5cxE=,OgGRXZm1Ruu9Kw/FAXPZDNdoIMg=
-51,-5,TvLL5cFJNZE2AHLX0OtYVMg5cxE=,OgGRXZm1Ruu9Kw/FAXPZDNdoIMg=
-50,-7,TvLL5cFJNZE2AHLX0OtYVMg5cxE=,OgGRXZm1Ruu9Kw/FAXPZDNdoIMg=
-50,-4,TvLL5cFJNZE2AHLX0OtYVMg5cxE=,DTRKFOIjtuq7QQZWZxOwfFUI2mA=
-50,-6,TvLL5cFJNZE2AHLX0OtYVMg5cxE=,OgGRXZm1Ruu9Kw/FAXPZDNdoIMg=
-52,-6,TvLL5cFJNZE2AHLX0OtYVMg5cxE=,OgGRXZm1Ruu9Kw/FAXPZDNdoIMg=
-55,-6,TvLL5cFJNZE2AHLX0OtYVMg5cxE=,3rRTd2bC1B9e8spdJnsSsX0BMtI=
-53,-4,TvLL5cFJNZE2AHLX0OtYVMg5cxE=,AtdWvGbvFi0Iq0O1nJ5Y7eHbIB0=
-57,-7,TvLL5cFJNZE2AHLX0OtYVMg5cxE=,QZxvgPb0OOPANcR4dKFRNsB0HsM=
-56,-6,TvLL5cFJNZE2AHLX0OtYVMg5cxE=,3rRTd2bC1B9e8spdJnsSsX0BMtI=
-53,-7,TvLL5cFJNZE2AHLX0OtYVMg5cxE=,3rRTd2bC1B9e8spdJnsSsX0BMtI=
-54,-4,TvLL5cFJNZE2AHLX0OtYVMg5cxE=,AtdWvGbvFi0Iq0O1nJ5Y7eHbIB0=
-52,-4,TvLL5cFJNZE2AHLX0OtYVMg5cxE=,DTRKFOIjtuq7QQZWZxOwfFUI2mA=
-53,-5,TvLL5cFJNZE2AHLX0OtYVMg5cxE=,3rRTd2bC1B9e8spdJnsSsX0BMtI=
-54,-5,TvLL5cFJNZE2AHLX0OtYVMg5cxE=,3rRTd2bC1B9e8spdJnsSsX0BMtI=
-57,-4,TvLL5cFJNZE2AHLX0OtYVMg5cxE=,ARcunimSJUU6eIYM+2Cn/Q78lzA=
-54,-7,TvLL5cFJNZE2AHLX0OtYVMg5cxE=,3rRTd2bC1B9e8spdJnsSsX0BMtI=
-52,-7,TvLL5cFJNZE2AHLX0OtYVMg5cxE=,OgGRXZm1Ruu9Kw/FAXPZDNdoIMg=
-55,-5,TvLL5cFJNZE2AHLX0OtYVMg5cxE=,3rRTd2bC1B9e8spdJnsSsX0BMtI=
-56,-5,TvLL5cFJNZE2AHLX0OtYVMg5cxE=,3rRTd2bC1B9e8spdJnsSsX0BMtI=
-52,-5,TvLL5cFJNZE2AHLX0OtYVMg5cxE=,OgGRXZm1Ruu9Kw/FAXPZDNdoIMg=
-55,-7,TvLL5cFJNZE2AHLX0OtYVMg5cxE=,3rRTd2bC1B9e8spdJnsSsX0BMtI=
-53,-6,TvLL5cFJNZE2AHLX0OtYVMg5cxE=,3rRTd2bC1B9e8spdJnsSsX0BMtI=
-57,-5,TvLL5cFJNZE2AHLX0OtYVMg5cxE=,QZxvgPb0OOPANcR4dKFRNsB0HsM=
-56,-7,TvLL5cFJNZE2AHLX0OtYVMg5cxE=,3rRTd2bC1B9e8spdJnsSsX0BMtI=
-55,-4,TvLL5cFJNZE2AHLX0OtYVMg5cxE=,AtdWvGbvFi0Iq0O1nJ5Y7eHbIB0=
-54,-6,TvLL5cFJNZE2AHLX0OtYVMg5cxE=,3rRTd2bC1B9e8spdJnsSsX0BMtI=
-57,-6,TvLL5cFJNZE2AHLX0OtYVMg5cxE=,QZxvgPb0OOPANcR4dKFRNsB0HsM=
-56,-4,TvLL5cFJNZE2AHLX0OtYVMg5cxE=,AtdWvGbvFi0Iq0O1nJ5Y7eHbIB0=
-51,-8,DsvQZRn6klrUtqTnHzYI8WzlXhU=,OgGRXZm1Ruu9Kw/FAXPZDNdoIMg=
-51,-9,DsvQZRn6klrUtqTnHzYI8WzlXhU=,J+OFPBB+UY/IKV03z7PhPqdno7Y=
-50,-8,DsvQZRn6klrUtqTnHzYI8WzlXhU=,OgGRXZm1Ruu9Kw/FAXPZDNdoIMg=
-59,-8,DsvQZRn6klrUtqTnHzYI8WzlXhU=,QZxvgPb0OOPANcR4dKFRNsB0HsM=
-58,-8,DsvQZRn6klrUtqTnHzYI8WzlXhU=,QZxvgPb0OOPANcR4dKFRNsB0HsM=
-59,-9,DsvQZRn6klrUtqTnHzYI8WzlXhU=,MLGseDKMiGja1lM3RvdIhyF25Yo=
-58,-9,DsvQZRn6klrUtqTnHzYI8WzlXhU=,MLGseDKMiGja1lM3RvdIhyF25Yo=
-52,-8,yvp1tWBVvd81KnfYHjuKiaRgXxc=,OgGRXZm1Ruu9Kw/FAXPZDNdoIMg=
-57,-8,yvp1tWBVvd81KnfYHjuKiaRgXxc=,QZxvgPb0OOPANcR4dKFRNsB0HsM=
-55,-8,yvp1tWBVvd81KnfYHjuKiaRgXxc=,3rRTd2bC1B9e8spdJnsSsX0BMtI=
-57,-9,yvp1tWBVvd81KnfYHjuKiaRgXxc=,MLGseDKMiGja1lM3RvdIhyF25Yo=
-52,-9,yvp1tWBVvd81KnfYHjuKiaRgXxc=,J+OFPBB+UY/IKV03z7PhPqdno7Y=
-56,-9,yvp1tWBVvd81KnfYHjuKiaRgXxc=,AaPpGJZGFvJdDHHd31/F/fYgj7I=
-58,-10,yvp1tWBVvd81KnfYHjuKiaRgXxc=,MLGseDKMiGja1lM3RvdIhyF25Yo=
-53,-8,yvp1tWBVvd81KnfYHjuKiaRgXxc=,3rRTd2bC1B9e8spdJnsSsX0BMtI=
-55,-9,yvp1tWBVvd81KnfYHjuKiaRgXxc=,AaPpGJZGFvJdDHHd31/F/fYgj7I=
-53,-10,yvp1tWBVvd81KnfYHjuKiaRgXxc=,AaPpGJZGFvJdDHHd31/F/fYgj7I=
-54,-9,yvp1tWBVvd81KnfYHjuKiaRgXxc=,AaPpGJZGFvJdDHHd31/F/fYgj7I=
-53,-9,yvp1tWBVvd81KnfYHjuKiaRgXxc=,AaPpGJZGFvJdDHHd31/F/fYgj7I=
-51,-10,yvp1tWBVvd81KnfYHjuKiaRgXxc=,J+OFPBB+UY/IKV03z7PhPqdno7Y=
-57,-10,yvp1tWBVvd81KnfYHjuKiaRgXxc=,MLGseDKMiGja1lM3RvdIhyF25Yo=
-56,-8,yvp1tWBVvd81KnfYHjuKiaRgXxc=,3rRTd2bC1B9e8spdJnsSsX0BMtI=
-54,-8,yvp1tWBVvd81KnfYHjuKiaRgXxc=,3rRTd2bC1B9e8spdJnsSsX0BMtI=
-52,-10,yvp1tWBVvd81KnfYHjuKiaRgXxc=,J+OFPBB+UY/IKV03z7PhPqdno7Y=
-56,-10,yvp1tWBVvd81KnfYHjuKiaRgXxc=,AaPpGJZGFvJdDHHd31/F/fYgj7I=
-54,-10,yvp1tWBVvd81KnfYHjuKiaRgXxc=,AaPpGJZGFvJdDHHd31/F/fYgj7I=
-55,-10,yvp1tWBVvd81KnfYHjuKiaRgXxc=,AaPpGJZGFvJdDHHd31/F/fYgj7I=
-60,-6,IoeuKMlr8CgaYkJhiGTrf+FGHjc=,QZxvgPb0OOPANcR4dKFRNsB0HsM=
-61,-5,IoeuKMlr8CgaYkJhiGTrf+FGHjc=,h11akeohRyUjtEvTfmuK5IXjCok=
-60,-5,IoeuKMlr8CgaYkJhiGTrf+FGHjc=,QZxvgPb0OOPANcR4dKFRNsB0HsM=
-61,-9,IoeuKMlr8CgaYkJhiGTrf+FGHjc=,FrX55UlYoqSTGdwVYGueTwdWya8=
-62,-9,IoeuKMlr8CgaYkJhiGTrf+FGHjc=,FrX55UlYoqSTGdwVYGueTwdWya8=
-63,-9,IoeuKMlr8CgaYkJhiGTrf+FGHjc=,FrX55UlYoqSTGdwVYGueTwdWya8=
-61,-6,IoeuKMlr8CgaYkJhiGTrf+FGHjc=,h11akeohRyUjtEvTfmuK5IXjCok=
-60,-7,IoeuKMlr8CgaYkJhiGTrf+FGHjc=,QZxvgPb0OOPANcR4dKFRNsB0HsM=
-60,-9,IoeuKMlr8CgaYkJhiGTrf+FGHjc=,MLGseDKMiGja1lM3RvdIhyF25Yo=
-60,-8,IoeuKMlr8CgaYkJhiGTrf+FGHjc=,QZxvgPb0OOPANcR4dKFRNsB0HsM=
-61,-7,IoeuKMlr8CgaYkJhiGTrf+FGHjc=,h11akeohRyUjtEvTfmuK5IXjCok=
-60,-4,IoeuKMlr8CgaYkJhiGTrf+FGHjc=,ARcunimSJUU6eIYM+2Cn/Q78lzA=
-61,-8,IoeuKMlr8CgaYkJhiGTrf+FGHjc=,h11akeohRyUjtEvTfmuK5IXjCok=
-62,-8,IoeuKMlr8CgaYkJhiGTrf+FGHjc=,h11akeohRyUjtEvTfmuK5IXjCok=
-63,-8,IoeuKMlr8CgaYkJhiGTrf+FGHjc=,h11akeohRyUjtEvTfmuK5IXjCok=
-61,-4,IoeuKMlr8CgaYkJhiGTrf+FGHjc=,JVxdJ1xMhhCsAkIvwi64/L5c6mE=
-61,-10,IoeuKMlr8CgaYkJhiGTrf+FGHjc=,FrX55UlYoqSTGdwVYGueTwdWya8=
-60,-10,IoeuKMlr8CgaYkJhiGTrf+FGHjc=,MLGseDKMiGja1lM3RvdIhyF25Yo=
-62,-10,IoeuKMlr8CgaYkJhiGTrf+FGHjc=,FrX55UlYoqSTGdwVYGueTwdWya8=
-59,-10,IoeuKMlr8CgaYkJhiGTrf+FGHjc=,MLGseDKMiGja1lM3RvdIhyF25Yo=
-55,-13,IxZP0QkisHive261JrsiHblbRb8=,yitaJFwBpHkCDdb0hTAQ6GLBtYo=
-56,-13,IxZP0QkisHive261JrsiHblbRb8=,yitaJFwBpHkCDdb0hTAQ6GLBtYo=
-56,-11,IxZP0QkisHive261JrsiHblbRb8=,AaPpGJZGFvJdDHHd31/F/fYgj7I=
-55,-11,IxZP0QkisHive261JrsiHblbRb8=,AaPpGJZGFvJdDHHd31/F/fYgj7I=
-57,-12,IxZP0QkisHive261JrsiHblbRb8=,MLGseDKMiGja1lM3RvdIhyF25Yo=
-55,-14,IxZP0QkisHive261JrsiHblbRb8=,yitaJFwBpHkCDdb0hTAQ6GLBtYo=
-58,-14,IxZP0QkisHive261JrsiHblbRb8=,Ul8GLotfg25Hx/UKjmI+q10Bxt8=
-58,-11,IxZP0QkisHive261JrsiHblbRb8=,MLGseDKMiGja1lM3RvdIhyF25Yo=
-57,-11,IxZP0QkisHive261JrsiHblbRb8=,MLGseDKMiGja1lM3RvdIhyF25Yo=
-56,-12,IxZP0QkisHive261JrsiHblbRb8=,AaPpGJZGFvJdDHHd31/F/fYgj7I=
-55,-12,IxZP0QkisHive261JrsiHblbRb8=,AaPpGJZGFvJdDHHd31/F/fYgj7I=
-56,-14,IxZP0QkisHive261JrsiHblbRb8=,yitaJFwBpHkCDdb0hTAQ6GLBtYo=
-58,-12,IxZP0QkisHive261JrsiHblbRb8=,MLGseDKMiGja1lM3RvdIhyF25Yo=
-58,-13,0OdYEgC1H5QRHZYjoNokYiHafMk=,Ul8GLotfg25Hx/UKjmI+q10Bxt8=
-57,-13,0OdYEgC1H5QRHZYjoNokYiHafMk=,Ul8GLotfg25Hx/UKjmI+q10Bxt8=
-57,-14,0OdYEgC1H5QRHZYjoNokYiHafMk=,Ul8GLotfg25Hx/UKjmI+q10Bxt8=
-60,-12,0OdYEgC1H5QRHZYjoNokYiHafMk=,MLGseDKMiGja1lM3RvdIhyF25Yo=
-61,-14,0OdYEgC1H5QRHZYjoNokYiHafMk=,vWMygr/OmLzVb4saTgxR7P1ugks=
-59,-11,0OdYEgC1H5QRHZYjoNokYiHafMk=,MLGseDKMiGja1lM3RvdIhyF25Yo=
-59,-14,0OdYEgC1H5QRHZYjoNokYiHafMk=,Ul8GLotfg25Hx/UKjmI+q10Bxt8=
-60,-14,0OdYEgC1H5QRHZYjoNokYiHafMk=,Ul8GLotfg25Hx/UKjmI+q10Bxt8=
-59,-13,0OdYEgC1H5QRHZYjoNokYiHafMk=,Ul8GLotfg25Hx/UKjmI+q10Bxt8=
-62,-13,0OdYEgC1H5QRHZYjoNokYiHafMk=,vWMygr/OmLzVb4saTgxR7P1ugks=
-61,-11,0OdYEgC1H5QRHZYjoNokYiHafMk=,FrX55UlYoqSTGdwVYGueTwdWya8=
-62,-11,0OdYEgC1H5QRHZYjoNokYiHafMk=,FrX55UlYoqSTGdwVYGueTwdWya8=
-59,-12,0OdYEgC1H5QRHZYjoNokYiHafMk=,MLGseDKMiGja1lM3RvdIhyF25Yo=
-54,-16,0OdYEgC1H5QRHZYjoNokYiHafMk=,yitaJFwBpHkCDdb0hTAQ6GLBtYo=
-60,-11,0OdYEgC1H5QRHZYjoNokYiHafMk=,MLGseDKMiGja1lM3RvdIhyF25Yo=
-53,-12,BrKgWeamMvCrBkEaKZAHt6d/JSE=,AaPpGJZGFvJdDHHd31/F/fYgj7I=
-53,-14,BrKgWeamMvCrBkEaKZAHt6d/JSE=,yitaJFwBpHkCDdb0hTAQ6GLBtYo=
-60,-13,BrKgWeamMvCrBkEaKZAHt6d/JSE=,Ul8GLotfg25Hx/UKjmI+q10Bxt8=
-61,-12,BrKgWeamMvCrBkEaKZAHt6d/JSE=,FrX55UlYoqSTGdwVYGueTwdWya8=
-53,-13,BrKgWeamMvCrBkEaKZAHt6d/JSE=,yitaJFwBpHkCDdb0hTAQ6GLBtYo=
-61,-13,BrKgWeamMvCrBkEaKZAHt6d/JSE=,vWMygr/OmLzVb4saTgxR7P1ugks=
-54,-13,BrKgWeamMvCrBkEaKZAHt6d/JSE=,yitaJFwBpHkCDdb0hTAQ6GLBtYo=
-62,-12,BrKgWeamMvCrBkEaKZAHt6d/JSE=,FrX55UlYoqSTGdwVYGueTwdWya8=
-62,-14,BrKgWeamMvCrBkEaKZAHt6d/JSE=,vWMygr/OmLzVb4saTgxR7P1ugks=
-54,-14,BrKgWeamMvCrBkEaKZAHt6d/JSE=,yitaJFwBpHkCDdb0hTAQ6GLBtYo=
-52,-13,BrKgWeamMvCrBkEaKZAHt6d/JSE=,fvHkcZUqZbly1cP2N8rlvW0XQJA=
-52,-12,BrKgWeamMvCrBkEaKZAHt6d/JSE=,J+OFPBB+UY/IKV03z7PhPqdno7Y=
-51,-12,BrKgWeamMvCrBkEaKZAHt6d/JSE=,J+OFPBB+UY/IKV03z7PhPqdno7Y=
-51,-11,BrKgWeamMvCrBkEaKZAHt6d/JSE=,J+OFPBB+UY/IKV03z7PhPqdno7Y=
-54,-12,BrKgWeamMvCrBkEaKZAHt6d/JSE=,AaPpGJZGFvJdDHHd31/F/fYgj7I=
-51,-13,BrKgWeamMvCrBkEaKZAHt6d/JSE=,fvHkcZUqZbly1cP2N8rlvW0XQJA=
-52,-11,BrKgWeamMvCrBkEaKZAHt6d/JSE=,J+OFPBB+UY/IKV03z7PhPqdno7Y=
-54,-11,BrKgWeamMvCrBkEaKZAHt6d/JSE=,AaPpGJZGFvJdDHHd31/F/fYgj7I=
-53,-11,BrKgWeamMvCrBkEaKZAHt6d/JSE=,AaPpGJZGFvJdDHHd31/F/fYgj7I=
-52,-14,BrKgWeamMvCrBkEaKZAHt6d/JSE=,fvHkcZUqZbly1cP2N8rlvW0XQJA=
-49,-6,BrKgWeamMvCrBkEaKZAHt6d/JSE=,OgGRXZm1Ruu9Kw/FAXPZDNdoIMg=
-49,-7,BrKgWeamMvCrBkEaKZAHt6d/JSE=,OgGRXZm1Ruu9Kw/FAXPZDNdoIMg=
-51,-14,BrKgWeamMvCrBkEaKZAHt6d/JSE=,fvHkcZUqZbly1cP2N8rlvW0XQJA=
-49,-8,H0uoi6aSAF2ErsFt0ItEwj+3Z3c=,OgGRXZm1Ruu9Kw/FAXPZDNdoIMg=
-51,-1,H0uoi6aSAF2ErsFt0ItEwj+3Z3c=,DTRKFOIjtuq7QQZWZxOwfFUI2mA=
-50,-1,H0uoi6aSAF2ErsFt0ItEwj+3Z3c=,DTRKFOIjtuq7QQZWZxOwfFUI2mA=
-60,-1,H0uoi6aSAF2ErsFt0ItEwj+3Z3c=,ARcunimSJUU6eIYM+2Cn/Q78lzA=
-59,-1,H0uoi6aSAF2ErsFt0ItEwj+3Z3c=,ARcunimSJUU6eIYM+2Cn/Q78lzA=
-58,-1,H0uoi6aSAF2ErsFt0ItEwj+3Z3c=,ARcunimSJUU6eIYM+2Cn/Q78lzA=
-61,-1,H0uoi6aSAF2ErsFt0ItEwj+3Z3c=,JVxdJ1xMhhCsAkIvwi64/L5c6mE=
-49,-4,H0uoi6aSAF2ErsFt0ItEwj+3Z3c=,DTRKFOIjtuq7QQZWZxOwfFUI2mA=
-49,-1,H0uoi6aSAF2ErsFt0ItEwj+3Z3c=,DTRKFOIjtuq7QQZWZxOwfFUI2mA=
-49,-3,H0uoi6aSAF2ErsFt0ItEwj+3Z3c=,DTRKFOIjtuq7QQZWZxOwfFUI2mA=
-49,-2,H0uoi6aSAF2ErsFt0ItEwj+3Z3c=,DTRKFOIjtuq7QQZWZxOwfFUI2mA=
-49,-5,H0uoi6aSAF2ErsFt0ItEwj+3Z3c=,OgGRXZm1Ruu9Kw/FAXPZDNdoIMg=
-53,-15,H0uoi6aSAF2ErsFt0ItEwj+3Z3c=,yitaJFwBpHkCDdb0hTAQ6GLBtYo=
-50,-9,H0uoi6aSAF2ErsFt0ItEwj+3Z3c=,J+OFPBB+UY/IKV03z7PhPqdno7Y=
-53,-16,H0uoi6aSAF2ErsFt0ItEwj+3Z3c=,yitaJFwBpHkCDdb0hTAQ6GLBtYo=
-52,-16,H0uoi6aSAF2ErsFt0ItEwj+3Z3c=,fvHkcZUqZbly1cP2N8rlvW0XQJA=
-51,-16,H0uoi6aSAF2ErsFt0ItEwj+3Z3c=,fvHkcZUqZbly1cP2N8rlvW0XQJA=
-56,-1,H0uoi6aSAF2ErsFt0ItEwj+3Z3c=,AtdWvGbvFi0Iq0O1nJ5Y7eHbIB0=
-55,-1,H0uoi6aSAF2ErsFt0ItEwj+3Z3c=,AtdWvGbvFi0Iq0O1nJ5Y7eHbIB0=
-54,-1,H0uoi6aSAF2ErsFt0ItEwj+3Z3c=,AtdWvGbvFi0Iq0O1nJ5Y7eHbIB0=
-53,-1,H0uoi6aSAF2ErsFt0ItEwj+3Z3c=,AtdWvGbvFi0Iq0O1nJ5Y7eHbIB0=
-52,-1,H0uoi6aSAF2ErsFt0ItEwj+3Z3c=,DTRKFOIjtuq7QQZWZxOwfFUI2mA=
-57,-1,H0uoi6aSAF2ErsFt0ItEwj+3Z3c=,ARcunimSJUU6eIYM+2Cn/Q78lzA=
-51,-15,H0uoi6aSAF2ErsFt0ItEwj+3Z3c=,fvHkcZUqZbly1cP2N8rlvW0XQJA=
-49,-12,H0uoi6aSAF2ErsFt0ItEwj+3Z3c=,J+OFPBB+UY/IKV03z7PhPqdno7Y=
-49,-9,H0uoi6aSAF2ErsFt0ItEwj+3Z3c=,J+OFPBB+UY/IKV03z7PhPqdno7Y=
-52,-15,H0uoi6aSAF2ErsFt0ItEwj+3Z3c=,fvHkcZUqZbly1cP2N8rlvW0XQJA=
-54,-15,H0uoi6aSAF2ErsFt0ItEwj+3Z3c=,yitaJFwBpHkCDdb0hTAQ6GLBtYo=
-50,-11,H0uoi6aSAF2ErsFt0ItEwj+3Z3c=,J+OFPBB+UY/IKV03z7PhPqdno7Y=
-50,-16,H0uoi6aSAF2ErsFt0ItEwj+3Z3c=,fvHkcZUqZbly1cP2N8rlvW0XQJA=
-49,-14,H0uoi6aSAF2ErsFt0ItEwj+3Z3c=,fvHkcZUqZbly1cP2N8rlvW0XQJA=
-50,-12,H0uoi6aSAF2ErsFt0ItEwj+3Z3c=,J+OFPBB+UY/IKV03z7PhPqdno7Y=
-50,-10,H0uoi6aSAF2ErsFt0ItEwj+3Z3c=,J+OFPBB+UY/IKV03z7PhPqdno7Y=
-50,-14,H0uoi6aSAF2ErsFt0ItEwj+3Z3c=,fvHkcZUqZbly1cP2N8rlvW0XQJA=
-50,-13,H0uoi6aSAF2ErsFt0ItEwj+3Z3c=,fvHkcZUqZbly1cP2N8rlvW0XQJA=
-49,-10,H0uoi6aSAF2ErsFt0ItEwj+3Z3c=,J+OFPBB+UY/IKV03z7PhPqdno7Y=
-49,-13,H0uoi6aSAF2ErsFt0ItEwj+3Z3c=,fvHkcZUqZbly1cP2N8rlvW0XQJA=
-49,-15,H0uoi6aSAF2ErsFt0ItEwj+3Z3c=,fvHkcZUqZbly1cP2N8rlvW0XQJA=
-49,-16,H0uoi6aSAF2ErsFt0ItEwj+3Z3c=,fvHkcZUqZbly1cP2N8rlvW0XQJA=
-49,-11,H0uoi6aSAF2ErsFt0ItEwj+3Z3c=,J+OFPBB+UY/IKV03z7PhPqdno7Y=
-50,-15,H0uoi6aSAF2ErsFt0ItEwj+3Z3c=,fvHkcZUqZbly1cP2N8rlvW0XQJA=
-64,-8,A9zt9r0XN3jwfrN1inZ4pod+ork=,h11akeohRyUjtEvTfmuK5IXjCok=
-64,-10,A9zt9r0XN3jwfrN1inZ4pod+ork=,FrX55UlYoqSTGdwVYGueTwdWya8=
-64,-9,A9zt9r0XN3jwfrN1inZ4pod+ork=,FrX55UlYoqSTGdwVYGueTwdWya8=
-63,-10,A9zt9r0XN3jwfrN1inZ4pod+ork=,FrX55UlYoqSTGdwVYGueTwdWya8=
-64,-1,A9zt9r0XN3jwfrN1inZ4pod+ork=,JVxdJ1xMhhCsAkIvwi64/L5c6mE=
-57,-16,A9zt9r0XN3jwfrN1inZ4pod+ork=,Ul8GLotfg25Hx/UKjmI+q10Bxt8=
-58,-16,A9zt9r0XN3jwfrN1inZ4pod+ork=,Ul8GLotfg25Hx/UKjmI+q10Bxt8=
-56,-16,A9zt9r0XN3jwfrN1inZ4pod+ork=,yitaJFwBpHkCDdb0hTAQ6GLBtYo=
-55,-16,A9zt9r0XN3jwfrN1inZ4pod+ork=,yitaJFwBpHkCDdb0hTAQ6GLBtYo=
-60,-16,A9zt9r0XN3jwfrN1inZ4pod+ork=,Ul8GLotfg25Hx/UKjmI+q10Bxt8=
-64,-16,A9zt9r0XN3jwfrN1inZ4pod+ork=,vWMygr/OmLzVb4saTgxR7P1ugks=
-59,-16,A9zt9r0XN3jwfrN1inZ4pod+ork=,Ul8GLotfg25Hx/UKjmI+q10Bxt8=
-61,-16,A9zt9r0XN3jwfrN1inZ4pod+ork=,vWMygr/OmLzVb4saTgxR7P1ugks=
-62,-16,A9zt9r0XN3jwfrN1inZ4pod+ork=,vWMygr/OmLzVb4saTgxR7P1ugks=
-56,-15,A9zt9r0XN3jwfrN1inZ4pod+ork=,yitaJFwBpHkCDdb0hTAQ6GLBtYo=
-55,-15,A9zt9r0XN3jwfrN1inZ4pod+ork=,yitaJFwBpHkCDdb0hTAQ6GLBtYo=
-64,-12,A9zt9r0XN3jwfrN1inZ4pod+ork=,FrX55UlYoqSTGdwVYGueTwdWya8=
-58,-15,A9zt9r0XN3jwfrN1inZ4pod+ork=,Ul8GLotfg25Hx/UKjmI+q10Bxt8=
-59,-15,A9zt9r0XN3jwfrN1inZ4pod+ork=,Ul8GLotfg25Hx/UKjmI+q10Bxt8=
-64,-15,A9zt9r0XN3jwfrN1inZ4pod+ork=,vWMygr/OmLzVb4saTgxR7P1ugks=
-57,-15,A9zt9r0XN3jwfrN1inZ4pod+ork=,Ul8GLotfg25Hx/UKjmI+q10Bxt8=
-63,-16,A9zt9r0XN3jwfrN1inZ4pod+ork=,vWMygr/OmLzVb4saTgxR7P1ugks=
-63,-11,A9zt9r0XN3jwfrN1inZ4pod+ork=,FrX55UlYoqSTGdwVYGueTwdWya8=
-64,-14,A9zt9r0XN3jwfrN1inZ4pod+ork=,vWMygr/OmLzVb4saTgxR7P1ugks=
-60,-15,A9zt9r0XN3jwfrN1inZ4pod+ork=,Ul8GLotfg25Hx/UKjmI+q10Bxt8=
-64,-11,A9zt9r0XN3jwfrN1inZ4pod+ork=,FrX55UlYoqSTGdwVYGueTwdWya8=
-63,-15,A9zt9r0XN3jwfrN1inZ4pod+ork=,vWMygr/OmLzVb4saTgxR7P1ugks=
-63,-13,f4uOiGGF4x4tvNkHwF4M9uSQets=,vWMygr/OmLzVb4saTgxR7P1ugks=
-63,-12,f4uOiGGF4x4tvNkHwF4M9uSQets=,FrX55UlYoqSTGdwVYGueTwdWya8=
-64,-13,f4uOiGGF4x4tvNkHwF4M9uSQets=,vWMygr/OmLzVb4saTgxR7P1ugks=
-61,-15,f4uOiGGF4x4tvNkHwF4M9uSQets=,vWMygr/OmLzVb4saTgxR7P1ugks=
-63,-14,f4uOiGGF4x4tvNkHwF4M9uSQets=,vWMygr/OmLzVb4saTgxR7P1ugks=
-62,-15,f4uOiGGF4x4tvNkHwF4M9uSQets=,vWMygr/OmLzVb4saTgxR7P1ugks=
