-55,5,zwE73m4w5vqcGnDJoKBOqad1feA=,w6Jm0zBBB+Ud4XNrTC8yjlXkQMc=
-54,7,zwE73m4w5vqcGnDJoKBOqad1feA=,w6Jm0zBBB+Ud4XNrTC8yjlXkQMc=
-54,8,zwE73m4w5vqcGnDJoKBOqad1feA=,8hb1u1tX0e51+6ybVgxpteIwNwQ=
-55,7,zwE73m4w5vqcGnDJoKBOqad1feA=,w6Jm0zBBB+Ud4XNrTC8yjlXkQMc=
-55,8,zwE73m4w5vqcGnDJoKBOqad1feA=,8hb1u1tX0e51+6ybVgxpteIwNwQ=
-53,6,zwE73m4w5vqcGnDJoKBOqad1feA=,w6Jm0zBBB+Ud4XNrTC8yjlXkQMc=
-54,6,zwE73m4w5vqcGnDJoKBOqad1feA=,w6Jm0zBBB+Ud4XNrTC8yjlXkQMc=
-55,6,zwE73m4w5vqcGnDJoKBOqad1feA=,w6Jm0zBBB+Ud4XNrTC8yjlXkQMc=
-52,5,zwE73m4w5vqcGnDJoKBOqad1feA=,3M2Bea/mMKXFKzjD/IKPMhnwd9c=
-52,6,zwE73m4w5vqcGnDJoKBOqad1feA=,3M2Bea/mMKXFKzjD/IKPMhnwd9c=
-53,5,zwE73m4w5vqcGnDJoKBOqad1feA=,w6Jm0zBBB+Ud4XNrTC8yjlXkQMc=
-54,5,zwE73m4w5vqcGnDJoKBOqad1feA=,w6Jm0zBBB+Ud4XNrTC8yjlXkQMc=
-55,1,zwE73m4w5vqcGnDJoKBOqad1feA=,v8bt7XHF/tQTNg2SSNeVv+J461k=
-54,1,zwE73m4w5vqcGnDJoKBOqad1feA=,v8bt7XHF/tQTNg2SSNeVv+J461k=
-55,2,zwE73m4w5vqcGnDJoKBOqad1feA=,v8bt7XHF/tQTNg2SSNeVv+J461k=
-54,2,zwE73m4w5vqcGnDJoKBOqad1feA=,v8bt7XHF/tQTNg2SSNeVv+J461k=
-55,3,zwE73m4w5vqcGnDJoKBOqad1feA=,v8bt7XHF/tQTNg2SSNeVv+J461k=
-54,3,zwE73m4w5vqcGnDJoKBOqad1feA=,v8bt7XHF/tQTNg2SSNeVv+J461k=
-55,4,zwE73m4w5vqcGnDJoKBOqad1feA=,w6Jm0zBBB+Ud4XNrTC8yjlXkQMc=
-54,4,zwE73m4w5vqcGnDJoKBOqad1feA=,w6Jm0zBBB+Ud4XNrTC8yjlXkQMc=
-56,5,zwE73m4w5vqcGnDJoKBOqad1feA=,w6Jm0zBBB+Ud4XNrTC8yjlXkQMc=
-56,6,zwE73m4w5vqcGnDJoKBOqad1feA=,w6Jm0zBBB+Ud4XNrTC8yjlXkQMc=
-59,5,zwE73m4w5vqcGnDJoKBOqad1feA=,fibeezpMxMOVR+PJlUdGYCF3rVg=
-57,6,zwE73m4w5vqcGnDJoKBOqad1feA=,fibeezpMxMOVR+PJlUdGYCF3rVg=
-58,5,zwE73m4w5vqcGnDJoKBOqad1feA=,fibeezpMxMOVR+PJlUdGYCF3rVg=
-57,5,zwE73m4w5vqcGnDJoKBOqad1feA=,fibeezpMxMOVR+PJlUdGYCF3rVg=
-59,6,zwE73m4w5vqcGnDJoKBOqad1feA=,fibeezpMxMOVR+PJlUdGYCF3rVg=
-58,6,zwE73m4w5vqcGnDJoKBOqad1feA=,fibeezpMxMOVR+PJlUdGYCF3rVg=
-61,5,zwE73m4w5vqcGnDJoKBOqad1feA=,kIratOCSXJTOE/fT5N9PsYIZa+4=
-63,3,zwE73m4w5vqcGnDJoKBOqad1feA=,hj8W3CuZsZU0Nhd8ZPIxi6r7di4=
-63,5,zwE73m4w5vqcGnDJoKBOqad1feA=,kIratOCSXJTOE/fT5N9PsYIZa+4=
-63,6,zwE73m4w5vqcGnDJoKBOqad1feA=,kIratOCSXJTOE/fT5N9PsYIZa+4=
-62,3,zwE73m4w5vqcGnDJoKBOqad1feA=,hj8W3CuZsZU0Nhd8ZPIxi6r7di4=
-62,6,zwE73m4w5vqcGnDJoKBOqad1feA=,kIratOCSXJTOE/fT5N9PsYIZa+4=
-61,6,zwE73m4w5vqcGnDJoKBOqad1feA=,kIratOCSXJTOE/fT5N9PsYIZa+4=
-60,5,zwE73m4w5vqcGnDJoKBOqad1feA=,fibeezpMxMOVR+PJlUdGYCF3rVg=
-63,4,zwE73m4w5vqcGnDJoKBOqad1feA=,kIratOCSXJTOE/fT5N9PsYIZa+4=
-62,4,zwE73m4w5vqcGnDJoKBOqad1feA=,kIratOCSXJTOE/fT5N9PsYIZa+4=
-62,5,zwE73m4w5vqcGnDJoKBOqad1feA=,kIratOCSXJTOE/fT5N9PsYIZa+4=
-60,6,zwE73m4w5vqcGnDJoKBOqad1feA=,fibeezpMxMOVR+PJlUdGYCF3rVg=
-63,13,K/k9CCZR1PmNQzB43B51PYXZkW4=,DOuXmjh8P+vh+r8G+ddcGconbEk=
-62,13,K/k9CCZR1PmNQzB43B51PYXZkW4=,DOuXmjh8P+vh+r8G+ddcGconbEk=
-61,13,K/k9CCZR1PmNQzB43B51PYXZkW4=,DOuXmjh8P+vh+r8G+ddcGconbEk=
-63,14,K/k9CCZR1PmNQzB43B51PYXZkW4=,DOuXmjh8P+vh+r8G+ddcGconbEk=
-62,14,K/k9CCZR1PmNQzB43B51PYXZkW4=,DOuXmjh8P+vh+r8G+ddcGconbEk=
-61,14,K/k9CCZR1PmNQzB43B51PYXZkW4=,DOuXmjh8P+vh+r8G+ddcGconbEk=
-60,13,K/k9CCZR1PmNQzB43B51PYXZkW4=,auDVCPbsKZR/fYHl4zPj6xapMb0=
-60,14,K/k9CCZR1PmNQzB43B51PYXZkW4=,auDVCPbsKZR/fYHl4zPj6xapMb0=
-56,8,K/k9CCZR1PmNQzB43B51PYXZkW4=,8hb1u1tX0e51+6ybVgxpteIwNwQ=
-57,7,K/k9CCZR1PmNQzB43B51PYXZkW4=,fibeezpMxMOVR+PJlUdGYCF3rVg=
-59,7,K/k9CCZR1PmNQzB43B51PYXZkW4=,fibeezpMxMOVR+PJlUdGYCF3rVg=
-56,7,K/k9CCZR1PmNQzB43B51PYXZkW4=,w6Jm0zBBB+Ud4XNrTC8yjlXkQMc=
-52,9,K/k9CCZR1PmNQzB43B51PYXZkW4=,7GoTDmhKJ/zWg0RA0VGgX8zZDhQ=
-53,8,K/k9CCZR1PmNQzB43B51PYXZkW4=,8hb1u1tX0e51+6ybVgxpteIwNwQ=
-58,7,K/k9CCZR1PmNQzB43B51PYXZkW4=,fibeezpMxMOVR+PJlUdGYCF3rVg=
-52,12,K/k9CCZR1PmNQzB43B51PYXZkW4=,e5H9r52Bm9vdY1BFPUA8dmHGx38=
-51,12,K/k9CCZR1PmNQzB43B51PYXZkW4=,e5H9r52Bm9vdY1BFPUA8dmHGx38=
-51,9,K/k9CCZR1PmNQzB43B51PYXZkW4=,7GoTDmhKJ/zWg0RA0VGgX8zZDhQ=
-53,9,K/k9CCZR1PmNQzB43B51PYXZkW4=,8hb1u1tX0e51+6ybVgxpteIwNwQ=
-53,12,K/k9CCZR1PmNQzB43B51PYXZkW4=,ZucwC3qQqXY9jwyi3KK6kk9I8Mk=
-50,12,K/k9CCZR1PmNQzB43B51PYXZkW4=,e5H9r52Bm9vdY1BFPUA8dmHGx38=
-49,9,K/k9CCZR1PmNQzB43B51PYXZkW4=,7GoTDmhKJ/zWg0RA0VGgX8zZDhQ=
-52,7,K/k9CCZR1PmNQzB43B51PYXZkW4=,3M2Bea/mMKXFKzjD/IKPMhnwd9c=
-52,10,K/k9CCZR1PmNQzB43B51PYXZkW4=,7GoTDmhKJ/zWg0RA0VGgX8zZDhQ=
-51,7,K/k9CCZR1PmNQzB43B51PYXZkW4=,3M2Bea/mMKXFKzjD/IKPMhnwd9c=
-51,10,K/k9CCZR1PmNQzB43B51PYXZkW4=,7GoTDmhKJ/zWg0RA0VGgX8zZDhQ=
-50,7,K/k9CCZR1PmNQzB43B51PYXZkW4=,3M2Bea/mMKXFKzjD/IKPMhnwd9c=
-49,10,K/k9CCZR1PmNQzB43B51PYXZkW4=,7GoTDmhKJ/zWg0RA0VGgX8zZDhQ=
-52,11,K/k9CCZR1PmNQzB43B51PYXZkW4=,7GoTDmhKJ/zWg0RA0VGgX8zZDhQ=
-52,8,K/k9CCZR1PmNQzB43B51PYXZkW4=,7GoTDmhKJ/zWg0RA0VGgX8zZDhQ=
-53,10,K/k9CCZR1PmNQzB43B51PYXZkW4=,8hb1u1tX0e51+6ybVgxpteIwNwQ=
-51,8,K/k9CCZR1PmNQzB43B51PYXZkW4=,7GoTDmhKJ/zWg0RA0VGgX8zZDhQ=
-50,8,K/k9CCZR1PmNQzB43B51PYXZkW4=,7GoTDmhKJ/zWg0RA0VGgX8zZDhQ=
-51,11,K/k9CCZR1PmNQzB43B51PYXZkW4=,7GoTDmhKJ/zWg0RA0VGgX8zZDhQ=
-53,7,K/k9CCZR1PmNQzB43B51PYXZkW4=,w6Jm0zBBB+Ud4XNrTC8yjlXkQMc=
-50,11,K/k9CCZR1PmNQzB43B51PYXZkW4=,7GoTDmhKJ/zWg0RA0VGgX8zZDhQ=
-53,11,K/k9CCZR1PmNQzB43B51PYXZkW4=,8hb1u1tX0e51+6ybVgxpteIwNwQ=
-49,12,K/k9CCZR1PmNQzB43B51PYXZkW4=,e5H9r52Bm9vdY1BFPUA8dmHGx38=
-49,13,K/k9CCZR1PmNQzB43B51PYXZkW4=,e5H9r52Bm9vdY1BFPUA8dmHGx38=
-49,14,K/k9CCZR1PmNQzB43B51PYXZkW4=,e5H9r52Bm9vdY1BFPUA8dmHGx38=
-49,11,K/k9CCZR1PmNQzB43B51PYXZkW4=,7GoTDmhKJ/zWg0RA0VGgX8zZDhQ=
-55,0,K/k9CCZR1PmNQzB43B51PYXZkW4=,v8bt7XHF/tQTNg2SSNeVv+J461k=
-54,0,K/k9CCZR1PmNQzB43B51PYXZkW4=,v8bt7XHF/tQTNg2SSNeVv+J461k=
-64,5,K/k9CCZR1PmNQzB43B51PYXZkW4=,kIratOCSXJTOE/fT5N9PsYIZa+4=
-64,6,K/k9CCZR1PmNQzB43B51PYXZkW4=,kIratOCSXJTOE/fT5N9PsYIZa+4=
-62,15,K/k9CCZR1PmNQzB43B51PYXZkW4=,DOuXmjh8P+vh+r8G+ddcGconbEk=
-56,0,K/k9CCZR1PmNQzB43B51PYXZkW4=,v8bt7XHF/tQTNg2SSNeVv+J461k=
-63,15,K/k9CCZR1PmNQzB43B51PYXZkW4=,DOuXmjh8P+vh+r8G+ddcGconbEk=
-61,4,K/k9CCZR1PmNQzB43B51PYXZkW4=,kIratOCSXJTOE/fT5N9PsYIZa+4=
-57,2,K/k9CCZR1PmNQzB43B51PYXZkW4=,HE3ZWJWlMCkc8Hl3EF6liOwkM/g=
-57,0,K/k9CCZR1PmNQzB43B51PYXZkW4=,HE3ZWJWlMCkc8Hl3EF6liOwkM/g=
-60,0,K/k9CCZR1PmNQzB43B51PYXZkW4=,HE3ZWJWlMCkc8Hl3EF6liOwkM/g=
-60,4,K/k9CCZR1PmNQzB43B51PYXZkW4=,fibeezpMxMOVR+PJlUdGYCF3rVg=
-60,1,K/k9CCZR1PmNQzB43B51PYXZkW4=,HE3ZWJWlMCkc8Hl3EF6liOwkM/g=
-57,4,K/k9CCZR1PmNQzB43B51PYXZkW4=,fibeezpMxMOVR+PJlUdGYCF3rVg=
-61,0,K/k9CCZR1PmNQzB43B51PYXZkW4=,hj8W3CuZsZU0Nhd8ZPIxi6r7di4=
-56,1,K/k9CCZR1PmNQzB43B51PYXZkW4=,v8bt7XHF/tQTNg2SSNeVv+J461k=
-59,1,K/k9CCZR1PmNQzB43B51PYXZkW4=,HE3ZWJWlMCkc8Hl3EF6liOwkM/g=
-58,1,K/k9CCZR1PmNQzB43B51PYXZkW4=,HE3ZWJWlMCkc8Hl3EF6liOwkM/g=
-59,4,K/k9CCZR1PmNQzB43B51PYXZkW4=,fibeezpMxMOVR+PJlUdGYCF3rVg=
-58,4,K/k9CCZR1PmNQzB43B51PYXZkW4=,fibeezpMxMOVR+PJlUdGYCF3rVg=
-61,3,K/k9CCZR1PmNQzB43B51PYXZkW4=,hj8W3CuZsZU0Nhd8ZPIxi6r7di4=
-56,2,K/k9CCZR1PmNQzB43B51PYXZkW4=,v8bt7XHF/tQTNg2SSNeVv+J461k=
-61,1,K/k9CCZR1PmNQzB43B51PYXZkW4=,hj8W3CuZsZU0Nhd8ZPIxi6r7di4=
-57,1,K/k9CCZR1PmNQzB43B51PYXZkW4=,HE3ZWJWlMCkc8Hl3EF6liOwkM/g=
-60,3,K/k9CCZR1PmNQzB43B51PYXZkW4=,HE3ZWJWlMCkc8Hl3EF6liOwkM/g=
-59,3,K/k9CCZR1PmNQzB43B51PYXZkW4=,HE3ZWJWlMCkc8Hl3EF6liOwkM/g=
-52,15,K/k9CCZR1PmNQzB43B51PYXZkW4=,e5H9r52Bm9vdY1BFPUA8dmHGx38=
-51,15,K/k9CCZR1PmNQzB43B51PYXZkW4=,e5H9r52Bm9vdY1BFPUA8dmHGx38=
-50,15,K/k9CCZR1PmNQzB43B51PYXZkW4=,e5H9r52Bm9vdY1BFPUA8dmHGx38=
-53,15,K/k9CCZR1PmNQzB43B51PYXZkW4=,ZucwC3qQqXY9jwyi3KK6kk9I8Mk=
-56,3,K/k9CCZR1PmNQzB43B51PYXZkW4=,v8bt7XHF/tQTNg2SSNeVv+J461k=
-60,2,K/k9CCZR1PmNQzB43B51PYXZkW4=,HE3ZWJWlMCkc8Hl3EF6liOwkM/g=
-61,2,K/k9CCZR1PmNQzB43B51PYXZkW4=,hj8W3CuZsZU0Nhd8ZPIxi6r7di4=
-59,2,K/k9CCZR1PmNQzB43B51PYXZkW4=,HE3ZWJWlMCkc8Hl3EF6liOwkM/g=
-58,2,K/k9CCZR1PmNQzB43B51PYXZkW4=,HE3ZWJWlMCkc8Hl3EF6liOwkM/g=
-58,3,K/k9CCZR1PmNQzB43B51PYXZkW4=,HE3ZWJWlMCkc8Hl3EF6liOwkM/g=
-50,10,K/k9CCZR1PmNQzB43B51PYXZkW4=,7GoTDmhKJ/zWg0RA0VGgX8zZDhQ=
-56,4,K/k9CCZR1PmNQzB43B51PYXZkW4=,w6Jm0zBBB+Ud4XNrTC8yjlXkQMc=
-59,0,K/k9CCZR1PmNQzB43B51PYXZkW4=,HE3ZWJWlMCkc8Hl3EF6liOwkM/g=
-58,0,K/k9CCZR1PmNQzB43B51PYXZkW4=,HE3ZWJWlMCkc8Hl3EF6liOwkM/g=
-57,3,K/k9CCZR1PmNQzB43B51PYXZkW4=,HE3ZWJWlMCkc8Hl3EF6liOwkM/g=
-52,4,K/k9CCZR1PmNQzB43B51PYXZkW4=,3M2Bea/mMKXFKzjD/IKPMhnwd9c=
-52,1,K/k9CCZR1PmNQzB43B51PYXZkW4=,+OHRCiYNPvMceztpNlXlC4XXaqo=
-53,1,K/k9CCZR1PmNQzB43B51PYXZkW4=,v8bt7XHF/tQTNg2SSNeVv+J461k=
-52,2,K/k9CCZR1PmNQzB43B51PYXZkW4=,+OHRCiYNPvMceztpNlXlC4XXaqo=
-53,2,K/k9CCZR1PmNQzB43B51PYXZkW4=,v8bt7XHF/tQTNg2SSNeVv+J461k=
-52,3,K/k9CCZR1PmNQzB43B51PYXZkW4=,+OHRCiYNPvMceztpNlXlC4XXaqo=
-53,3,K/k9CCZR1PmNQzB43B51PYXZkW4=,v8bt7XHF/tQTNg2SSNeVv+J461k=
-53,4,K/k9CCZR1PmNQzB43B51PYXZkW4=,w6Jm0zBBB+Ud4XNrTC8yjlXkQMc=
-64,14,K/k9CCZR1PmNQzB43B51PYXZkW4=,DOuXmjh8P+vh+r8G+ddcGconbEk=
-64,15,K/k9CCZR1PmNQzB43B51PYXZkW4=,DOuXmjh8P+vh+r8G+ddcGconbEk=
-64,13,K/k9CCZR1PmNQzB43B51PYXZkW4=,DOuXmjh8P+vh+r8G+ddcGconbEk=
-49,5,K/k9CCZR1PmNQzB43B51PYXZkW4=,3M2Bea/mMKXFKzjD/IKPMhnwd9c=
-49,6,K/k9CCZR1PmNQzB43B51PYXZkW4=,3M2Bea/mMKXFKzjD/IKPMhnwd9c=
-49,7,K/k9CCZR1PmNQzB43B51PYXZkW4=,3M2Bea/mMKXFKzjD/IKPMhnwd9c=
-49,8,K/k9CCZR1PmNQzB43B51PYXZkW4=,7GoTDmhKJ/zWg0RA0VGgX8zZDhQ=
-53,0,K/k9CCZR1PmNQzB43B51PYXZkW4=,v8bt7XHF/tQTNg2SSNeVv+J461k=
-52,0,K/k9CCZR1PmNQzB43B51PYXZkW4=,+OHRCiYNPvMceztpNlXlC4XXaqo=
-51,0,K/k9CCZR1PmNQzB43B51PYXZkW4=,+OHRCiYNPvMceztpNlXlC4XXaqo=
-50,0,K/k9CCZR1PmNQzB43B51PYXZkW4=,+OHRCiYNPvMceztpNlXlC4XXaqo=
-49,15,K/k9CCZR1PmNQzB43B51PYXZkW4=,e5H9r52Bm9vdY1BFPUA8dmHGx38=
-61,15,K/k9CCZR1PmNQzB43B51PYXZkW4=,DOuXmjh8P+vh+r8G+ddcGconbEk=
-60,15,K/k9CCZR1PmNQzB43B51PYXZkW4=,auDVCPbsKZR/fYHl4zPj6xapMb0=
-63,11,K/k9CCZR1PmNQzB43B51PYXZkW4=,nHd+8prPqHCwGz9kzh5KhDLi+Q4=
-63,8,K/k9CCZR1PmNQzB43B51PYXZkW4=,nHd+8prPqHCwGz9kzh5KhDLi+Q4=
-60,12,K/k9CCZR1PmNQzB43B51PYXZkW4=,auDVCPbsKZR/fYHl4zPj6xapMb0=
-61,9,K/k9CCZR1PmNQzB43B51PYXZkW4=,nHd+8prPqHCwGz9kzh5KhDLi+Q4=
-61,7,K/k9CCZR1PmNQzB43B51PYXZkW4=,kIratOCSXJTOE/fT5N9PsYIZa+4=
-63,12,K/k9CCZR1PmNQzB43B51PYXZkW4=,DOuXmjh8P+vh+r8G+ddcGconbEk=
-62,12,K/k9CCZR1PmNQzB43B51PYXZkW4=,DOuXmjh8P+vh+r8G+ddcGconbEk=
-61,8,K/k9CCZR1PmNQzB43B51PYXZkW4=,nHd+8prPqHCwGz9kzh5KhDLi+Q4=
-61,12,K/k9CCZR1PmNQzB43B51PYXZkW4=,DOuXmjh8P+vh+r8G+ddcGconbEk=
-64,10,K/k9CCZR1PmNQzB43B51PYXZkW4=,nHd+8prPqHCwGz9kzh5KhDLi+Q4=
-63,10,K/k9CCZR1PmNQzB43B51PYXZkW4=,nHd+8prPqHCwGz9kzh5KhDLi+Q4=
-62,11,K/k9CCZR1PmNQzB43B51PYXZkW4=,nHd+8prPqHCwGz9kzh5KhDLi+Q4=
-61,11,K/k9CCZR1PmNQzB43B51PYXZkW4=,nHd+8prPqHCwGz9kzh5KhDLi+Q4=
-62,10,K/k9CCZR1PmNQzB43B51PYXZkW4=,nHd+8prPqHCwGz9kzh5KhDLi+Q4=
-64,7,K/k9CCZR1PmNQzB43B51PYXZkW4=,kIratOCSXJTOE/fT5N9PsYIZa+4=
-61,10,K/k9CCZR1PmNQzB43B51PYXZkW4=,nHd+8prPqHCwGz9kzh5KhDLi+Q4=
-63,7,K/k9CCZR1PmNQzB43B51PYXZkW4=,kIratOCSXJTOE/fT5N9PsYIZa+4=
-60,7,K/k9CCZR1PmNQzB43B51PYXZkW4=,fibeezpMxMOVR+PJlUdGYCF3rVg=
-64,8,K/k9CCZR1PmNQzB43B51PYXZkW4=,nHd+8prPqHCwGz9kzh5KhDLi+Q4=
-64,12,K/k9CCZR1PmNQzB43B51PYXZkW4=,DOuXmjh8P+vh+r8G+ddcGconbEk=
-62,7,K/k9CCZR1PmNQzB43B51PYXZkW4=,kIratOCSXJTOE/fT5N9PsYIZa+4=
-64,9,K/k9CCZR1PmNQzB43B51PYXZkW4=,nHd+8prPqHCwGz9kzh5KhDLi+Q4=
-63,9,K/k9CCZR1PmNQzB43B51PYXZkW4=,nHd+8prPqHCwGz9kzh5KhDLi+Q4=
-62,8,K/k9CCZR1PmNQzB43B51PYXZkW4=,nHd+8prPqHCwGz9kzh5KhDLi+Q4=
-62,9,K/k9CCZR1PmNQzB43B51PYXZkW4=,nHd+8prPqHCwGz9kzh5KhDLi+Q4=
-64,11,K/k9CCZR1PmNQzB43B51PYXZkW4=,nHd+8prPqHCwGz9kzh5KhDLi+Q4=
-49,4,K/k9CCZR1PmNQzB43B51PYXZkW4=,3M2Bea/mMKXFKzjD/IKPMhnwd9c=
-49,1,K/k9CCZR1PmNQzB43B51PYXZkW4=,+OHRCiYNPvMceztpNlXlC4XXaqo=
-49,2,K/k9CCZR1PmNQzB43B51PYXZkW4=,+OHRCiYNPvMceztpNlXlC4XXaqo=
-49,0,K/k9CCZR1PmNQzB43B51PYXZkW4=,+OHRCiYNPvMceztpNlXlC4XXaqo=
-49,3,K/k9CCZR1PmNQzB43B51PYXZkW4=,+OHRCiYNPvMceztpNlXlC4XXaqo=
-64,2,K/k9CCZR1PmNQzB43B51PYXZkW4=,hj8W3CuZsZU0Nhd8ZPIxi6r7di4=
-64,0,K/k9CCZR1PmNQzB43B51PYXZkW4=,hj8W3CuZsZU0Nhd8ZPIxi6r7di4=
-64,3,K/k9CCZR1PmNQzB43B51PYXZkW4=,hj8W3CuZsZU0Nhd8ZPIxi6r7di4=
-64,1,K/k9CCZR1PmNQzB43B51PYXZkW4=,hj8W3CuZsZU0Nhd8ZPIxi6r7di4=
-64,4,K/k9CCZR1PmNQzB43B51PYXZkW4=,kIratOCSXJTOE/fT5N9PsYIZa+4=
-50,9,K/k9CCZR1PmNQzB43B51PYXZkW4=,7GoTDmhKJ/zWg0RA0VGgX8zZDhQ=
-52,18,K/k9CCZR1PmNQzB43B51PYXZkW4=,j1gKGlJ268Cz02Gle6O+mwJxqbo=
-53,17,K/k9CCZR1PmNQzB43B51PYXZkW4=,99cHczKt92Do3RpIOXeH5ON8eyU=
-50,17,K/k9CCZR1PmNQzB43B51PYXZkW4=,j1gKGlJ268Cz02Gle6O+mwJxqbo=
-52,17,K/k9CCZR1PmNQzB43B51PYXZkW4=,j1gKGlJ268Cz02Gle6O+mwJxqbo=
-51,17,K/k9CCZR1PmNQzB43B51PYXZkW4=,j1gKGlJ268Cz02Gle6O+mwJxqbo=
-53,18,K/k9CCZR1PmNQzB43B51PYXZkW4=,99cHczKt92Do3RpIOXeH5ON8eyU=
-51,18,K/k9CCZR1PmNQzB43B51PYXZkW4=,j1gKGlJ268Cz02Gle6O+mwJxqbo=
-50,18,K/k9CCZR1PmNQzB43B51PYXZkW4=,j1gKGlJ268Cz02Gle6O+mwJxqbo=
-51,16,K/k9CCZR1PmNQzB43B51PYXZkW4=,j1gKGlJ268Cz02Gle6O+mwJxqbo=
-50,16,K/k9CCZR1PmNQzB43B51PYXZkW4=,j1gKGlJ268Cz02Gle6O+mwJxqbo=
-52,16,K/k9CCZR1PmNQzB43B51PYXZkW4=,j1gKGlJ268Cz02Gle6O+mwJxqbo=
-53,16,K/k9CCZR1PmNQzB43B51PYXZkW4=,99cHczKt92Do3RpIOXeH5ON8eyU=
-62,16,K/k9CCZR1PmNQzB43B51PYXZkW4=,ZpRH8avZb3gmYke79lfqUQ+0UMM=
-63,16,K/k9CCZR1PmNQzB43B51PYXZkW4=,ZpRH8avZb3gmYke79lfqUQ+0UMM=
-60,16,K/k9CCZR1PmNQzB43B51PYXZkW4=,+AXu0uDFf53IzFxhdSAXB647X1w=
-64,16,K/k9CCZR1PmNQzB43B51PYXZkW4=,ZpRH8avZb3gmYke79lfqUQ+0UMM=
-61,16,K/k9CCZR1PmNQzB43B51PYXZkW4=,ZpRH8avZb3gmYke79lfqUQ+0UMM=
-49,18,K/k9CCZR1PmNQzB43B51PYXZkW4=,j1gKGlJ268Cz02Gle6O+mwJxqbo=
-52,21,K/k9CCZR1PmNQzB43B51PYXZkW4=,SD63SjEWztcCrtlvveFb7ognI3c=
-49,17,K/k9CCZR1PmNQzB43B51PYXZkW4=,j1gKGlJ268Cz02Gle6O+mwJxqbo=
-49,16,K/k9CCZR1PmNQzB43B51PYXZkW4=,j1gKGlJ268Cz02Gle6O+mwJxqbo=
-53,21,K/k9CCZR1PmNQzB43B51PYXZkW4=,yxY5FGP/2aVUgMsmIAdm33j5z/k=
-51,21,K/k9CCZR1PmNQzB43B51PYXZkW4=,SD63SjEWztcCrtlvveFb7ognI3c=
-50,21,K/k9CCZR1PmNQzB43B51PYXZkW4=,SD63SjEWztcCrtlvveFb7ognI3c=
-52,22,K/k9CCZR1PmNQzB43B51PYXZkW4=,SD63SjEWztcCrtlvveFb7ognI3c=
-51,22,K/k9CCZR1PmNQzB43B51PYXZkW4=,SD63SjEWztcCrtlvveFb7ognI3c=
-50,22,K/k9CCZR1PmNQzB43B51PYXZkW4=,SD63SjEWztcCrtlvveFb7ognI3c=
-52,19,K/k9CCZR1PmNQzB43B51PYXZkW4=,j1gKGlJ268Cz02Gle6O+mwJxqbo=
-51,19,K/k9CCZR1PmNQzB43B51PYXZkW4=,j1gKGlJ268Cz02Gle6O+mwJxqbo=
-50,19,K/k9CCZR1PmNQzB43B51PYXZkW4=,j1gKGlJ268Cz02Gle6O+mwJxqbo=
-52,23,K/k9CCZR1PmNQzB43B51PYXZkW4=,SD63SjEWztcCrtlvveFb7ognI3c=
-51,23,K/k9CCZR1PmNQzB43B51PYXZkW4=,SD63SjEWztcCrtlvveFb7ognI3c=
-50,23,K/k9CCZR1PmNQzB43B51PYXZkW4=,SD63SjEWztcCrtlvveFb7ognI3c=
-53,22,K/k9CCZR1PmNQzB43B51PYXZkW4=,yxY5FGP/2aVUgMsmIAdm33j5z/k=
-52,20,K/k9CCZR1PmNQzB43B51PYXZkW4=,SD63SjEWztcCrtlvveFb7ognI3c=
-51,20,K/k9CCZR1PmNQzB43B51PYXZkW4=,SD63SjEWztcCrtlvveFb7ognI3c=
-53,23,K/k9CCZR1PmNQzB43B51PYXZkW4=,yxY5FGP/2aVUgMsmIAdm33j5z/k=
-53,19,K/k9CCZR1PmNQzB43B51PYXZkW4=,99cHczKt92Do3RpIOXeH5ON8eyU=
-53,24,K/k9CCZR1PmNQzB43B51PYXZkW4=,/rf8qHajtPpDirf2XP85/ZUzoAE=
-50,20,K/k9CCZR1PmNQzB43B51PYXZkW4=,SD63SjEWztcCrtlvveFb7ognI3c=
-53,20,K/k9CCZR1PmNQzB43B51PYXZkW4=,yxY5FGP/2aVUgMsmIAdm33j5z/k=
-49,21,K/k9CCZR1PmNQzB43B51PYXZkW4=,SD63SjEWztcCrtlvveFb7ognI3c=
-49,22,K/k9CCZR1PmNQzB43B51PYXZkW4=,SD63SjEWztcCrtlvveFb7ognI3c=
-49,23,K/k9CCZR1PmNQzB43B51PYXZkW4=,SD63SjEWztcCrtlvveFb7ognI3c=
-49,19,K/k9CCZR1PmNQzB43B51PYXZkW4=,j1gKGlJ268Cz02Gle6O+mwJxqbo=
-49,20,K/k9CCZR1PmNQzB43B51PYXZkW4=,SD63SjEWztcCrtlvveFb7ognI3c=
-36,26,llgcqKRMyzAPkB8LRyG4Y1j17gg=,QbeZ07nhNe2wkEKye9ZCqCV5Yy4=
-36,23,llgcqKRMyzAPkB8LRyG4Y1j17gg=,IlJZmybvdC/jTGBUNYwJ4cJNi94=
-37,26,llgcqKRMyzAPkB8LRyG4Y1j17gg=,kTltN8qG35dfynmZmT88kIJ0EBU=
-38,26,llgcqKRMyzAPkB8LRyG4Y1j17gg=,kTltN8qG35dfynmZmT88kIJ0EBU=
-39,28,llgcqKRMyzAPkB8LRyG4Y1j17gg=,YVVNv4NgyG/IGPJox2aRFGf8W0s=
-39,26,llgcqKRMyzAPkB8LRyG4Y1j17gg=,kTltN8qG35dfynmZmT88kIJ0EBU=
-40,26,llgcqKRMyzAPkB8LRyG4Y1j17gg=,kTltN8qG35dfynmZmT88kIJ0EBU=
-37,25,llgcqKRMyzAPkB8LRyG4Y1j17gg=,kTltN8qG35dfynmZmT88kIJ0EBU=
-36,28,llgcqKRMyzAPkB8LRyG4Y1j17gg=,9Bkj89VjhjQxYBfIlJyKa1qiX0U=
-37,23,llgcqKRMyzAPkB8LRyG4Y1j17gg=,47kMbm38H2rQ9L1Y7y7eXG99TlE=
-38,23,llgcqKRMyzAPkB8LRyG4Y1j17gg=,47kMbm38H2rQ9L1Y7y7eXG99TlE=
-38,25,llgcqKRMyzAPkB8LRyG4Y1j17gg=,kTltN8qG35dfynmZmT88kIJ0EBU=
-39,25,llgcqKRMyzAPkB8LRyG4Y1j17gg=,kTltN8qG35dfynmZmT88kIJ0EBU=
-37,24,llgcqKRMyzAPkB8LRyG4Y1j17gg=,kTltN8qG35dfynmZmT88kIJ0EBU=
-37,27,llgcqKRMyzAPkB8LRyG4Y1j17gg=,kTltN8qG35dfynmZmT88kIJ0EBU=
-40,25,llgcqKRMyzAPkB8LRyG4Y1j17gg=,kTltN8qG35dfynmZmT88kIJ0EBU=
-39,23,llgcqKRMyzAPkB8LRyG4Y1j17gg=,47kMbm38H2rQ9L1Y7y7eXG99TlE=
-37,28,llgcqKRMyzAPkB8LRyG4Y1j17gg=,YVVNv4NgyG/IGPJox2aRFGf8W0s=
-38,24,llgcqKRMyzAPkB8LRyG4Y1j17gg=,kTltN8qG35dfynmZmT88kIJ0EBU=
-39,24,llgcqKRMyzAPkB8LRyG4Y1j17gg=,kTltN8qG35dfynmZmT88kIJ0EBU=
-36,25,llgcqKRMyzAPkB8LRyG4Y1j17gg=,QbeZ07nhNe2wkEKye9ZCqCV5Yy4=
-40,24,llgcqKRMyzAPkB8LRyG4Y1j17gg=,kTltN8qG35dfynmZmT88kIJ0EBU=
-38,28,llgcqKRMyzAPkB8LRyG4Y1j17gg=,YVVNv4NgyG/IGPJox2aRFGf8W0s=
-40,23,llgcqKRMyzAPkB8LRyG4Y1j17gg=,47kMbm38H2rQ9L1Y7y7eXG99TlE=
-38,27,llgcqKRMyzAPkB8LRyG4Y1j17gg=,kTltN8qG35dfynmZmT88kIJ0EBU=
-39,27,llgcqKRMyzAPkB8LRyG4Y1j17gg=,kTltN8qG35dfynmZmT88kIJ0EBU=
-36,27,llgcqKRMyzAPkB8LRyG4Y1j17gg=,QbeZ07nhNe2wkEKye9ZCqCV5Yy4=
-36,24,llgcqKRMyzAPkB8LRyG4Y1j17gg=,QbeZ07nhNe2wkEKye9ZCqCV5Yy4=
-40,18,llgcqKRMyzAPkB8LRyG4Y1j17gg=,rIrzJRddDTCAtSq0+rq/KmKk4ts=
-40,19,llgcqKRMyzAPkB8LRyG4Y1j17gg=,rIrzJRddDTCAtSq0+rq/KmKk4ts=
-40,17,llgcqKRMyzAPkB8LRyG4Y1j17gg=,rIrzJRddDTCAtSq0+rq/KmKk4ts=
-40,20,llgcqKRMyzAPkB8LRyG4Y1j17gg=,47kMbm38H2rQ9L1Y7y7eXG99TlE=
-43,17,llgcqKRMyzAPkB8LRyG4Y1j17gg=,sPR9CXpwspzv8fq5ia3zkZPpXP0=
-42,17,llgcqKRMyzAPkB8LRyG4Y1j17gg=,sPR9CXpwspzv8fq5ia3zkZPpXP0=
-41,17,llgcqKRMyzAPkB8LRyG4Y1j17gg=,sPR9CXpwspzv8fq5ia3zkZPpXP0=
-42,18,llgcqKRMyzAPkB8LRyG4Y1j17gg=,sPR9CXpwspzv8fq5ia3zkZPpXP0=
-41,18,llgcqKRMyzAPkB8LRyG4Y1j17gg=,sPR9CXpwspzv8fq5ia3zkZPpXP0=
-43,18,llgcqKRMyzAPkB8LRyG4Y1j17gg=,sPR9CXpwspzv8fq5ia3zkZPpXP0=
-43,19,llgcqKRMyzAPkB8LRyG4Y1j17gg=,sPR9CXpwspzv8fq5ia3zkZPpXP0=
-42,19,llgcqKRMyzAPkB8LRyG4Y1j17gg=,sPR9CXpwspzv8fq5ia3zkZPpXP0=
-41,19,llgcqKRMyzAPkB8LRyG4Y1j17gg=,sPR9CXpwspzv8fq5ia3zkZPpXP0=
-43,16,llgcqKRMyzAPkB8LRyG4Y1j17gg=,sPR9CXpwspzv8fq5ia3zkZPpXP0=
-42,16,llgcqKRMyzAPkB8LRyG4Y1j17gg=,sPR9CXpwspzv8fq5ia3zkZPpXP0=
-45,21,llgcqKRMyzAPkB8LRyG4Y1j17gg=,3lxaUWgBgm4jF1GLlE/Jo3U4azA=
-47,22,llgcqKRMyzAPkB8LRyG4Y1j17gg=,3lxaUWgBgm4jF1GLlE/Jo3U4azA=
-46,22,llgcqKRMyzAPkB8LRyG4Y1j17gg=,3lxaUWgBgm4jF1GLlE/Jo3U4azA=
-45,22,llgcqKRMyzAPkB8LRyG4Y1j17gg=,3lxaUWgBgm4jF1GLlE/Jo3U4azA=
-47,23,llgcqKRMyzAPkB8LRyG4Y1j17gg=,3lxaUWgBgm4jF1GLlE/Jo3U4azA=
-47,24,llgcqKRMyzAPkB8LRyG4Y1j17gg=,q6P2vAqzT0fTngihCdLKcxsHcbQ=
-46,24,llgcqKRMyzAPkB8LRyG4Y1j17gg=,q6P2vAqzT0fTngihCdLKcxsHcbQ=
-46,23,llgcqKRMyzAPkB8LRyG4Y1j17gg=,3lxaUWgBgm4jF1GLlE/Jo3U4azA=
-47,21,llgcqKRMyzAPkB8LRyG4Y1j17gg=,3lxaUWgBgm4jF1GLlE/Jo3U4azA=
-45,23,llgcqKRMyzAPkB8LRyG4Y1j17gg=,3lxaUWgBgm4jF1GLlE/Jo3U4azA=
-46,21,llgcqKRMyzAPkB8LRyG4Y1j17gg=,3lxaUWgBgm4jF1GLlE/Jo3U4azA=
-45,24,llgcqKRMyzAPkB8LRyG4Y1j17gg=,q6P2vAqzT0fTngihCdLKcxsHcbQ=
-48,22,llgcqKRMyzAPkB8LRyG4Y1j17gg=,3lxaUWgBgm4jF1GLlE/Jo3U4azA=
-48,23,llgcqKRMyzAPkB8LRyG4Y1j17gg=,3lxaUWgBgm4jF1GLlE/Jo3U4azA=
-48,24,llgcqKRMyzAPkB8LRyG4Y1j17gg=,q6P2vAqzT0fTngihCdLKcxsHcbQ=
-48,21,llgcqKRMyzAPkB8LRyG4Y1j17gg=,3lxaUWgBgm4jF1GLlE/Jo3U4azA=
-33,21,llgcqKRMyzAPkB8LRyG4Y1j17gg=,IlJZmybvdC/jTGBUNYwJ4cJNi94=
-33,22,llgcqKRMyzAPkB8LRyG4Y1j17gg=,IlJZmybvdC/jTGBUNYwJ4cJNi94=
-33,26,llgcqKRMyzAPkB8LRyG4Y1j17gg=,QbeZ07nhNe2wkEKye9ZCqCV5Yy4=
-33,23,llgcqKRMyzAPkB8LRyG4Y1j17gg=,IlJZmybvdC/jTGBUNYwJ4cJNi94=
-33,25,llgcqKRMyzAPkB8LRyG4Y1j17gg=,QbeZ07nhNe2wkEKye9ZCqCV5Yy4=
-33,18,llgcqKRMyzAPkB8LRyG4Y1j17gg=,GSOhyGM6yucH1CVZy9XqMRK66l4=
-33,24,llgcqKRMyzAPkB8LRyG4Y1j17gg=,QbeZ07nhNe2wkEKye9ZCqCV5Yy4=
-33,17,llgcqKRMyzAPkB8LRyG4Y1j17gg=,GSOhyGM6yucH1CVZy9XqMRK66l4=
-33,19,llgcqKRMyzAPkB8LRyG4Y1j17gg=,GSOhyGM6yucH1CVZy9XqMRK66l4=
-33,20,llgcqKRMyzAPkB8LRyG4Y1j17gg=,IlJZmybvdC/jTGBUNYwJ4cJNi94=
-44,19,llgcqKRMyzAPkB8LRyG4Y1j17gg=,sPR9CXpwspzv8fq5ia3zkZPpXP0=
-44,18,llgcqKRMyzAPkB8LRyG4Y1j17gg=,sPR9CXpwspzv8fq5ia3zkZPpXP0=
-48,16,llgcqKRMyzAPkB8LRyG4Y1j17gg=,TwbgvK9WP4PK2aJy+/jS3ZiIj10=
-44,16,llgcqKRMyzAPkB8LRyG4Y1j17gg=,sPR9CXpwspzv8fq5ia3zkZPpXP0=
-46,20,llgcqKRMyzAPkB8LRyG4Y1j17gg=,3lxaUWgBgm4jF1GLlE/Jo3U4azA=
-47,18,llgcqKRMyzAPkB8LRyG4Y1j17gg=,TwbgvK9WP4PK2aJy+/jS3ZiIj10=
-45,19,llgcqKRMyzAPkB8LRyG4Y1j17gg=,TwbgvK9WP4PK2aJy+/jS3ZiIj10=
-46,18,llgcqKRMyzAPkB8LRyG4Y1j17gg=,TwbgvK9WP4PK2aJy+/jS3ZiIj10=
-46,19,llgcqKRMyzAPkB8LRyG4Y1j17gg=,TwbgvK9WP4PK2aJy+/jS3ZiIj10=
-48,17,llgcqKRMyzAPkB8LRyG4Y1j17gg=,TwbgvK9WP4PK2aJy+/jS3ZiIj10=
-47,17,llgcqKRMyzAPkB8LRyG4Y1j17gg=,TwbgvK9WP4PK2aJy+/jS3ZiIj10=
-44,17,llgcqKRMyzAPkB8LRyG4Y1j17gg=,sPR9CXpwspzv8fq5ia3zkZPpXP0=
-47,16,llgcqKRMyzAPkB8LRyG4Y1j17gg=,TwbgvK9WP4PK2aJy+/jS3ZiIj10=
-47,20,llgcqKRMyzAPkB8LRyG4Y1j17gg=,3lxaUWgBgm4jF1GLlE/Jo3U4azA=
-45,18,llgcqKRMyzAPkB8LRyG4Y1j17gg=,TwbgvK9WP4PK2aJy+/jS3ZiIj10=
-47,19,llgcqKRMyzAPkB8LRyG4Y1j17gg=,TwbgvK9WP4PK2aJy+/jS3ZiIj10=
-48,18,llgcqKRMyzAPkB8LRyG4Y1j17gg=,TwbgvK9WP4PK2aJy+/jS3ZiIj10=
-45,20,llgcqKRMyzAPkB8LRyG4Y1j17gg=,3lxaUWgBgm4jF1GLlE/Jo3U4azA=
-45,17,llgcqKRMyzAPkB8LRyG4Y1j17gg=,TwbgvK9WP4PK2aJy+/jS3ZiIj10=
-33,27,llgcqKRMyzAPkB8LRyG4Y1j17gg=,QbeZ07nhNe2wkEKye9ZCqCV5Yy4=
-33,28,llgcqKRMyzAPkB8LRyG4Y1j17gg=,9Bkj89VjhjQxYBfIlJyKa1qiX0U=
-33,29,llgcqKRMyzAPkB8LRyG4Y1j17gg=,9Bkj89VjhjQxYBfIlJyKa1qiX0U=
-33,30,llgcqKRMyzAPkB8LRyG4Y1j17gg=,9Bkj89VjhjQxYBfIlJyKa1qiX0U=
-46,17,llgcqKRMyzAPkB8LRyG4Y1j17gg=,TwbgvK9WP4PK2aJy+/jS3ZiIj10=
-45,16,llgcqKRMyzAPkB8LRyG4Y1j17gg=,TwbgvK9WP4PK2aJy+/jS3ZiIj10=
-48,19,llgcqKRMyzAPkB8LRyG4Y1j17gg=,TwbgvK9WP4PK2aJy+/jS3ZiIj10=
-35,16,llgcqKRMyzAPkB8LRyG4Y1j17gg=,GSOhyGM6yucH1CVZy9XqMRK66l4=
-34,16,llgcqKRMyzAPkB8LRyG4Y1j17gg=,GSOhyGM6yucH1CVZy9XqMRK66l4=
-41,28,llgcqKRMyzAPkB8LRyG4Y1j17gg=,Lzn/VDe3Xig8zdSN4Z5Ql/1uTQM=
-40,28,llgcqKRMyzAPkB8LRyG4Y1j17gg=,YVVNv4NgyG/IGPJox2aRFGf8W0s=
-40,27,llgcqKRMyzAPkB8LRyG4Y1j17gg=,kTltN8qG35dfynmZmT88kIJ0EBU=
-46,16,llgcqKRMyzAPkB8LRyG4Y1j17gg=,TwbgvK9WP4PK2aJy+/jS3ZiIj10=
-38,31,llgcqKRMyzAPkB8LRyG4Y1j17gg=,YVVNv4NgyG/IGPJox2aRFGf8W0s=
-39,31,llgcqKRMyzAPkB8LRyG4Y1j17gg=,YVVNv4NgyG/IGPJox2aRFGf8W0s=
-38,16,llgcqKRMyzAPkB8LRyG4Y1j17gg=,rIrzJRddDTCAtSq0+rq/KmKk4ts=
-36,16,llgcqKRMyzAPkB8LRyG4Y1j17gg=,GSOhyGM6yucH1CVZy9XqMRK66l4=
-41,16,llgcqKRMyzAPkB8LRyG4Y1j17gg=,sPR9CXpwspzv8fq5ia3zkZPpXP0=
-40,16,llgcqKRMyzAPkB8LRyG4Y1j17gg=,rIrzJRddDTCAtSq0+rq/KmKk4ts=
-37,16,llgcqKRMyzAPkB8LRyG4Y1j17gg=,rIrzJRddDTCAtSq0+rq/KmKk4ts=
-39,16,llgcqKRMyzAPkB8LRyG4Y1j17gg=,rIrzJRddDTCAtSq0+rq/KmKk4ts=
-44,31,llgcqKRMyzAPkB8LRyG4Y1j17gg=,Lzn/VDe3Xig8zdSN4Z5Ql/1uTQM=
-43,31,llgcqKRMyzAPkB8LRyG4Y1j17gg=,Lzn/VDe3Xig8zdSN4Z5Ql/1uTQM=
-42,31,llgcqKRMyzAPkB8LRyG4Y1j17gg=,Lzn/VDe3Xig8zdSN4Z5Ql/1uTQM=
-41,31,llgcqKRMyzAPkB8LRyG4Y1j17gg=,Lzn/VDe3Xig8zdSN4Z5Ql/1uTQM=
-40,31,llgcqKRMyzAPkB8LRyG4Y1j17gg=,YVVNv4NgyG/IGPJox2aRFGf8W0s=
-45,31,llgcqKRMyzAPkB8LRyG4Y1j17gg=,jFq5QDVotiNtj0NAn6uSWL7pUj0=
-48,20,llgcqKRMyzAPkB8LRyG4Y1j17gg=,3lxaUWgBgm4jF1GLlE/Jo3U4azA=
-33,16,llgcqKRMyzAPkB8LRyG4Y1j17gg=,GSOhyGM6yucH1CVZy9XqMRK66l4=
-36,31,llgcqKRMyzAPkB8LRyG4Y1j17gg=,9Bkj89VjhjQxYBfIlJyKa1qiX0U=
-37,31,llgcqKRMyzAPkB8LRyG4Y1j17gg=,YVVNv4NgyG/IGPJox2aRFGf8W0s=
-34,31,llgcqKRMyzAPkB8LRyG4Y1j17gg=,9Bkj89VjhjQxYBfIlJyKa1qiX0U=
-35,31,llgcqKRMyzAPkB8LRyG4Y1j17gg=,9Bkj89VjhjQxYBfIlJyKa1qiX0U=
-33,31,llgcqKRMyzAPkB8LRyG4Y1j17gg=,9Bkj89VjhjQxYBfIlJyKa1qiX0U=
-39,6,llgcqKRMyzAPkB8LRyG4Y1j17gg=,xTMIuSsnrgzAbwz29mkcLAPaqeE=
-38,5,llgcqKRMyzAPkB8LRyG4Y1j17gg=,xTMIuSsnrgzAbwz29mkcLAPaqeE=
-39,5,llgcqKRMyzAPkB8LRyG4Y1j17gg=,xTMIuSsnrgzAbwz29mkcLAPaqeE=
-38,6,llgcqKRMyzAPkB8LRyG4Y1j17gg=,xTMIuSsnrgzAbwz29mkcLAPaqeE=
-36,5,MvUmRE/clJa4g8AKWsCVXgKw6F0=,M0kcm1nqKceqCkRB6ckhSyk3o/E=
-37,5,MvUmRE/clJa4g8AKWsCVXgKw6F0=,xTMIuSsnrgzAbwz29mkcLAPaqeE=
-34,6,MvUmRE/clJa4g8AKWsCVXgKw6F0=,M0kcm1nqKceqCkRB6ckhSyk3o/E=
-35,6,MvUmRE/clJa4g8AKWsCVXgKw6F0=,M0kcm1nqKceqCkRB6ckhSyk3o/E=
-36,6,MvUmRE/clJa4g8AKWsCVXgKw6F0=,M0kcm1nqKceqCkRB6ckhSyk3o/E=
-34,5,MvUmRE/clJa4g8AKWsCVXgKw6F0=,M0kcm1nqKceqCkRB6ckhSyk3o/E=
-35,5,MvUmRE/clJa4g8AKWsCVXgKw6F0=,M0kcm1nqKceqCkRB6ckhSyk3o/E=
-37,6,MvUmRE/clJa4g8AKWsCVXgKw6F0=,xTMIuSsnrgzAbwz29mkcLAPaqeE=
-42,5,MvUmRE/clJa4g8AKWsCVXgKw6F0=,rq8oaoBOg6DJCCNqqlWziOcsSFg=
-41,5,MvUmRE/clJa4g8AKWsCVXgKw6F0=,rq8oaoBOg6DJCCNqqlWziOcsSFg=
-40,5,MvUmRE/clJa4g8AKWsCVXgKw6F0=,xTMIuSsnrgzAbwz29mkcLAPaqeE=
-43,6,MvUmRE/clJa4g8AKWsCVXgKw6F0=,rq8oaoBOg6DJCCNqqlWziOcsSFg=
-43,5,MvUmRE/clJa4g8AKWsCVXgKw6F0=,rq8oaoBOg6DJCCNqqlWziOcsSFg=
-42,6,MvUmRE/clJa4g8AKWsCVXgKw6F0=,rq8oaoBOg6DJCCNqqlWziOcsSFg=
-40,6,MvUmRE/clJa4g8AKWsCVXgKw6F0=,xTMIuSsnrgzAbwz29mkcLAPaqeE=
-41,6,MvUmRE/clJa4g8AKWsCVXgKw6F0=,rq8oaoBOg6DJCCNqqlWziOcsSFg=
-47,6,MvUmRE/clJa4g8AKWsCVXgKw6F0=,7jTf6wIOQ5nNjN6QTjaWe6s3Vkc=
-46,6,MvUmRE/clJa4g8AKWsCVXgKw6F0=,7jTf6wIOQ5nNjN6QTjaWe6s3Vkc=
-45,6,MvUmRE/clJa4g8AKWsCVXgKw6F0=,7jTf6wIOQ5nNjN6QTjaWe6s3Vkc=
-44,5,MvUmRE/clJa4g8AKWsCVXgKw6F0=,rq8oaoBOg6DJCCNqqlWziOcsSFg=
-44,6,MvUmRE/clJa4g8AKWsCVXgKw6F0=,rq8oaoBOg6DJCCNqqlWziOcsSFg=
-47,5,MvUmRE/clJa4g8AKWsCVXgKw6F0=,7jTf6wIOQ5nNjN6QTjaWe6s3Vkc=
-46,5,MvUmRE/clJa4g8AKWsCVXgKw6F0=,7jTf6wIOQ5nNjN6QTjaWe6s3Vkc=
-45,5,MvUmRE/clJa4g8AKWsCVXgKw6F0=,7jTf6wIOQ5nNjN6QTjaWe6s3Vkc=
-35,3,MvUmRE/clJa4g8AKWsCVXgKw6F0=,1hoEJ3Zh1yesJDq5XUiy/c6yIlk=
-34,3,MvUmRE/clJa4g8AKWsCVXgKw6F0=,1hoEJ3Zh1yesJDq5XUiy/c6yIlk=
-39,4,MvUmRE/clJa4g8AKWsCVXgKw6F0=,xTMIuSsnrgzAbwz29mkcLAPaqeE=
-37,1,MvUmRE/clJa4g8AKWsCVXgKw6F0=,LQIWHQ55aS9osEXl9i+7AWnj4r4=
-38,4,MvUmRE/clJa4g8AKWsCVXgKw6F0=,xTMIuSsnrgzAbwz29mkcLAPaqeE=
-37,4,MvUmRE/clJa4g8AKWsCVXgKw6F0=,xTMIuSsnrgzAbwz29mkcLAPaqeE=
-36,3,MvUmRE/clJa4g8AKWsCVXgKw6F0=,1hoEJ3Zh1yesJDq5XUiy/c6yIlk=
-37,2,MvUmRE/clJa4g8AKWsCVXgKw6F0=,LQIWHQ55aS9osEXl9i+7AWnj4r4=
-39,3,MvUmRE/clJa4g8AKWsCVXgKw6F0=,LQIWHQ55aS9osEXl9i+7AWnj4r4=
-38,3,MvUmRE/clJa4g8AKWsCVXgKw6F0=,LQIWHQ55aS9osEXl9i+7AWnj4r4=
-37,3,MvUmRE/clJa4g8AKWsCVXgKw6F0=,LQIWHQ55aS9osEXl9i+7AWnj4r4=
-38,2,MvUmRE/clJa4g8AKWsCVXgKw6F0=,LQIWHQ55aS9osEXl9i+7AWnj4r4=
-36,4,MvUmRE/clJa4g8AKWsCVXgKw6F0=,M0kcm1nqKceqCkRB6ckhSyk3o/E=
-35,2,MvUmRE/clJa4g8AKWsCVXgKw6F0=,1hoEJ3Zh1yesJDq5XUiy/c6yIlk=
-35,4,MvUmRE/clJa4g8AKWsCVXgKw6F0=,M0kcm1nqKceqCkRB6ckhSyk3o/E=
-36,2,MvUmRE/clJa4g8AKWsCVXgKw6F0=,1hoEJ3Zh1yesJDq5XUiy/c6yIlk=
-46,2,FeJ5i43QtIRZ/COF5YudTo5p18Y=,t9ZFo+/BexviFbj9Ub5YmH8/eyo=
-47,4,FeJ5i43QtIRZ/COF5YudTo5p18Y=,7jTf6wIOQ5nNjN6QTjaWe6s3Vkc=
-46,3,FeJ5i43QtIRZ/COF5YudTo5p18Y=,t9ZFo+/BexviFbj9Ub5YmH8/eyo=
-47,3,FeJ5i43QtIRZ/COF5YudTo5p18Y=,t9ZFo+/BexviFbj9Ub5YmH8/eyo=
-47,2,FeJ5i43QtIRZ/COF5YudTo5p18Y=,t9ZFo+/BexviFbj9Ub5YmH8/eyo=
-46,4,FeJ5i43QtIRZ/COF5YudTo5p18Y=,7jTf6wIOQ5nNjN6QTjaWe6s3Vkc=
-48,1,FeJ5i43QtIRZ/COF5YudTo5p18Y=,t9ZFo+/BexviFbj9Ub5YmH8/eyo=
-48,2,FeJ5i43QtIRZ/COF5YudTo5p18Y=,t9ZFo+/BexviFbj9Ub5YmH8/eyo=
-42,4,FeJ5i43QtIRZ/COF5YudTo5p18Y=,rq8oaoBOg6DJCCNqqlWziOcsSFg=
-41,4,FeJ5i43QtIRZ/COF5YudTo5p18Y=,rq8oaoBOg6DJCCNqqlWziOcsSFg=
-44,2,FeJ5i43QtIRZ/COF5YudTo5p18Y=,pHP1ZKZGUuWYxiurK2HJJaO5sio=
-45,4,FeJ5i43QtIRZ/COF5YudTo5p18Y=,7jTf6wIOQ5nNjN6QTjaWe6s3Vkc=
-42,3,FeJ5i43QtIRZ/COF5YudTo5p18Y=,pHP1ZKZGUuWYxiurK2HJJaO5sio=
-43,4,FeJ5i43QtIRZ/COF5YudTo5p18Y=,rq8oaoBOg6DJCCNqqlWziOcsSFg=
-44,4,FeJ5i43QtIRZ/COF5YudTo5p18Y=,rq8oaoBOg6DJCCNqqlWziOcsSFg=
-45,3,FeJ5i43QtIRZ/COF5YudTo5p18Y=,t9ZFo+/BexviFbj9Ub5YmH8/eyo=
-44,3,FeJ5i43QtIRZ/COF5YudTo5p18Y=,pHP1ZKZGUuWYxiurK2HJJaO5sio=
-40,4,FeJ5i43QtIRZ/COF5YudTo5p18Y=,xTMIuSsnrgzAbwz29mkcLAPaqeE=
-40,3,FeJ5i43QtIRZ/COF5YudTo5p18Y=,LQIWHQ55aS9osEXl9i+7AWnj4r4=
-43,3,FeJ5i43QtIRZ/COF5YudTo5p18Y=,pHP1ZKZGUuWYxiurK2HJJaO5sio=
-45,2,FeJ5i43QtIRZ/COF5YudTo5p18Y=,t9ZFo+/BexviFbj9Ub5YmH8/eyo=
-41,3,FeJ5i43QtIRZ/COF5YudTo5p18Y=,pHP1ZKZGUuWYxiurK2HJJaO5sio=
-41,2,FeJ5i43QtIRZ/COF5YudTo5p18Y=,pHP1ZKZGUuWYxiurK2HJJaO5sio=
-43,2,FeJ5i43QtIRZ/COF5YudTo5p18Y=,pHP1ZKZGUuWYxiurK2HJJaO5sio=
-42,2,FeJ5i43QtIRZ/COF5YudTo5p18Y=,pHP1ZKZGUuWYxiurK2HJJaO5sio=
-39,2,FeJ5i43QtIRZ/COF5YudTo5p18Y=,LQIWHQ55aS9osEXl9i+7AWnj4r4=
-40,2,FeJ5i43QtIRZ/COF5YudTo5p18Y=,LQIWHQ55aS9osEXl9i+7AWnj4r4=
-42,1,FeJ5i43QtIRZ/COF5YudTo5p18Y=,pHP1ZKZGUuWYxiurK2HJJaO5sio=
-40,0,x7sMvUWP+jeBYStCp6aScWxGnHs=,LQIWHQ55aS9osEXl9i+7AWnj4r4=
-42,0,x7sMvUWP+jeBYStCp6aScWxGnHs=,pHP1ZKZGUuWYxiurK2HJJaO5sio=
-41,0,x7sMvUWP+jeBYStCp6aScWxGnHs=,pHP1ZKZGUuWYxiurK2HJJaO5sio=
-41,1,x7sMvUWP+jeBYStCp6aScWxGnHs=,pHP1ZKZGUuWYxiurK2HJJaO5sio=
-39,1,x7sMvUWP+jeBYStCp6aScWxGnHs=,LQIWHQ55aS9osEXl9i+7AWnj4r4=
-38,1,x7sMvUWP+jeBYStCp6aScWxGnHs=,LQIWHQ55aS9osEXl9i+7AWnj4r4=
-35,1,x7sMvUWP+jeBYStCp6aScWxGnHs=,1hoEJ3Zh1yesJDq5XUiy/c6yIlk=
-36,1,x7sMvUWP+jeBYStCp6aScWxGnHs=,1hoEJ3Zh1yesJDq5XUiy/c6yIlk=
-33,0,x7sMvUWP+jeBYStCp6aScWxGnHs=,1hoEJ3Zh1yesJDq5XUiy/c6yIlk=
-39,0,x7sMvUWP+jeBYStCp6aScWxGnHs=,LQIWHQ55aS9osEXl9i+7AWnj4r4=
-40,1,x7sMvUWP+jeBYStCp6aScWxGnHs=,LQIWHQ55aS9osEXl9i+7AWnj4r4=
-37,0,x7sMvUWP+jeBYStCp6aScWxGnHs=,LQIWHQ55aS9osEXl9i+7AWnj4r4=
-38,0,x7sMvUWP+jeBYStCp6aScWxGnHs=,LQIWHQ55aS9osEXl9i+7AWnj4r4=
-36,0,x7sMvUWP+jeBYStCp6aScWxGnHs=,1hoEJ3Zh1yesJDq5XUiy/c6yIlk=
-35,0,x7sMvUWP+jeBYStCp6aScWxGnHs=,1hoEJ3Zh1yesJDq5XUiy/c6yIlk=
-34,1,x7sMvUWP+jeBYStCp6aScWxGnHs=,1hoEJ3Zh1yesJDq5XUiy/c6yIlk=
-34,0,x7sMvUWP+jeBYStCp6aScWxGnHs=,1hoEJ3Zh1yesJDq5XUiy/c6yIlk=
-48,0,x7sMvUWP+jeBYStCp6aScWxGnHs=,t9ZFo+/BexviFbj9Ub5YmH8/eyo=
-47,1,x7sMvUWP+jeBYStCp6aScWxGnHs=,t9ZFo+/BexviFbj9Ub5YmH8/eyo=
-47,0,x7sMvUWP+jeBYStCp6aScWxGnHs=,t9ZFo+/BexviFbj9Ub5YmH8/eyo=
-45,1,dA+yhbh1LretkDVlnnui4ez9+ho=,t9ZFo+/BexviFbj9Ub5YmH8/eyo=
-46,1,dA+yhbh1LretkDVlnnui4ez9+ho=,t9ZFo+/BexviFbj9Ub5YmH8/eyo=
-33,1,dA+yhbh1LretkDVlnnui4ez9+ho=,1hoEJ3Zh1yesJDq5XUiy/c6yIlk=
-46,0,dA+yhbh1LretkDVlnnui4ez9+ho=,t9ZFo+/BexviFbj9Ub5YmH8/eyo=
-45,0,dA+yhbh1LretkDVlnnui4ez9+ho=,t9ZFo+/BexviFbj9Ub5YmH8/eyo=
-44,1,dA+yhbh1LretkDVlnnui4ez9+ho=,pHP1ZKZGUuWYxiurK2HJJaO5sio=
-44,0,dA+yhbh1LretkDVlnnui4ez9+ho=,pHP1ZKZGUuWYxiurK2HJJaO5sio=
-43,1,dA+yhbh1LretkDVlnnui4ez9+ho=,pHP1ZKZGUuWYxiurK2HJJaO5sio=
-43,0,dA+yhbh1LretkDVlnnui4ez9+ho=,pHP1ZKZGUuWYxiurK2HJJaO5sio=
-42,9,dA+yhbh1LretkDVlnnui4ez9+ho=,rZVz9aApMCxYNZEwh3Bh72sTfnM=
-42,7,dA+yhbh1LretkDVlnnui4ez9+ho=,rq8oaoBOg6DJCCNqqlWziOcsSFg=
-43,8,dA+yhbh1LretkDVlnnui4ez9+ho=,rZVz9aApMCxYNZEwh3Bh72sTfnM=
-42,8,dA+yhbh1LretkDVlnnui4ez9+ho=,rZVz9aApMCxYNZEwh3Bh72sTfnM=
-43,10,dA+yhbh1LretkDVlnnui4ez9+ho=,rZVz9aApMCxYNZEwh3Bh72sTfnM=
-43,9,dA+yhbh1LretkDVlnnui4ez9+ho=,rZVz9aApMCxYNZEwh3Bh72sTfnM=
-42,10,dA+yhbh1LretkDVlnnui4ez9+ho=,rZVz9aApMCxYNZEwh3Bh72sTfnM=
-43,7,dA+yhbh1LretkDVlnnui4ez9+ho=,rq8oaoBOg6DJCCNqqlWziOcsSFg=
-42,14,dA+yhbh1LretkDVlnnui4ez9+ho=,8XGCo3kpqUNBchd+8jPHq+6t1Is=
-43,14,dA+yhbh1LretkDVlnnui4ez9+ho=,8XGCo3kpqUNBchd+8jPHq+6t1Is=
-43,12,dA+yhbh1LretkDVlnnui4ez9+ho=,8XGCo3kpqUNBchd+8jPHq+6t1Is=
-43,13,dA+yhbh1LretkDVlnnui4ez9+ho=,8XGCo3kpqUNBchd+8jPHq+6t1Is=
-42,12,dA+yhbh1LretkDVlnnui4ez9+ho=,8XGCo3kpqUNBchd+8jPHq+6t1Is=
-42,13,dA+yhbh1LretkDVlnnui4ez9+ho=,8XGCo3kpqUNBchd+8jPHq+6t1Is=
-39,13,dA+yhbh1LretkDVlnnui4ez9+ho=,eOhbnuhws5KeaPaEO0keSpXpRGc=
-38,13,dA+yhbh1LretkDVlnnui4ez9+ho=,eOhbnuhws5KeaPaEO0keSpXpRGc=
-41,14,dA+yhbh1LretkDVlnnui4ez9+ho=,8XGCo3kpqUNBchd+8jPHq+6t1Is=
-40,14,dA+yhbh1LretkDVlnnui4ez9+ho=,eOhbnuhws5KeaPaEO0keSpXpRGc=
-39,14,dA+yhbh1LretkDVlnnui4ez9+ho=,eOhbnuhws5KeaPaEO0keSpXpRGc=
-38,14,dA+yhbh1LretkDVlnnui4ez9+ho=,eOhbnuhws5KeaPaEO0keSpXpRGc=
-40,9,dA+yhbh1LretkDVlnnui4ez9+ho=,c7UFJ2OLR5yc/b3/5wonZzC6Iso=
-39,9,dA+yhbh1LretkDVlnnui4ez9+ho=,c7UFJ2OLR5yc/b3/5wonZzC6Iso=
-38,12,dA+yhbh1LretkDVlnnui4ez9+ho=,eOhbnuhws5KeaPaEO0keSpXpRGc=
-41,11,dA+yhbh1LretkDVlnnui4ez9+ho=,rZVz9aApMCxYNZEwh3Bh72sTfnM=
-39,12,dA+yhbh1LretkDVlnnui4ez9+ho=,eOhbnuhws5KeaPaEO0keSpXpRGc=
-38,8,dA+yhbh1LretkDVlnnui4ez9+ho=,c7UFJ2OLR5yc/b3/5wonZzC6Iso=
-38,11,dA+yhbh1LretkDVlnnui4ez9+ho=,c7UFJ2OLR5yc/b3/5wonZzC6Iso=
-41,10,dA+yhbh1LretkDVlnnui4ez9+ho=,rZVz9aApMCxYNZEwh3Bh72sTfnM=
-39,11,dA+yhbh1LretkDVlnnui4ez9+ho=,c7UFJ2OLR5yc/b3/5wonZzC6Iso=
-40,12,dA+yhbh1LretkDVlnnui4ez9+ho=,eOhbnuhws5KeaPaEO0keSpXpRGc=
-40,11,dA+yhbh1LretkDVlnnui4ez9+ho=,c7UFJ2OLR5yc/b3/5wonZzC6Iso=
-38,7,dA+yhbh1LretkDVlnnui4ez9+ho=,xTMIuSsnrgzAbwz29mkcLAPaqeE=
-38,10,dA+yhbh1LretkDVlnnui4ez9+ho=,c7UFJ2OLR5yc/b3/5wonZzC6Iso=
-41,8,dA+yhbh1LretkDVlnnui4ez9+ho=,rZVz9aApMCxYNZEwh3Bh72sTfnM=
-39,8,dA+yhbh1LretkDVlnnui4ez9+ho=,c7UFJ2OLR5yc/b3/5wonZzC6Iso=
-41,12,dA+yhbh1LretkDVlnnui4ez9+ho=,8XGCo3kpqUNBchd+8jPHq+6t1Is=
-41,13,dA+yhbh1LretkDVlnnui4ez9+ho=,8XGCo3kpqUNBchd+8jPHq+6t1Is=
-40,13,dA+yhbh1LretkDVlnnui4ez9+ho=,eOhbnuhws5KeaPaEO0keSpXpRGc=
-39,7,dA+yhbh1LretkDVlnnui4ez9+ho=,xTMIuSsnrgzAbwz29mkcLAPaqeE=
-39,10,dA+yhbh1LretkDVlnnui4ez9+ho=,c7UFJ2OLR5yc/b3/5wonZzC6Iso=
-40,8,dA+yhbh1LretkDVlnnui4ez9+ho=,c7UFJ2OLR5yc/b3/5wonZzC6Iso=
-40,7,dA+yhbh1LretkDVlnnui4ez9+ho=,xTMIuSsnrgzAbwz29mkcLAPaqeE=
-41,7,dA+yhbh1LretkDVlnnui4ez9+ho=,rq8oaoBOg6DJCCNqqlWziOcsSFg=
-41,9,dA+yhbh1LretkDVlnnui4ez9+ho=,rZVz9aApMCxYNZEwh3Bh72sTfnM=
-40,10,dA+yhbh1LretkDVlnnui4ez9+ho=,c7UFJ2OLR5yc/b3/5wonZzC6Iso=
-42,11,dA+yhbh1LretkDVlnnui4ez9+ho=,rZVz9aApMCxYNZEwh3Bh72sTfnM=
-36,13,dA+yhbh1LretkDVlnnui4ez9+ho=,ghdKylVXQd8Lu3CxekdaFDNYd0Q=
-34,14,dA+yhbh1LretkDVlnnui4ez9+ho=,ghdKylVXQd8Lu3CxekdaFDNYd0Q=
-35,14,dA+yhbh1LretkDVlnnui4ez9+ho=,ghdKylVXQd8Lu3CxekdaFDNYd0Q=
-36,14,dA+yhbh1LretkDVlnnui4ez9+ho=,ghdKylVXQd8Lu3CxekdaFDNYd0Q=
-37,14,dA+yhbh1LretkDVlnnui4ez9+ho=,eOhbnuhws5KeaPaEO0keSpXpRGc=
-37,13,dA+yhbh1LretkDVlnnui4ez9+ho=,eOhbnuhws5KeaPaEO0keSpXpRGc=
-35,15,dA+yhbh1LretkDVlnnui4ez9+ho=,ghdKylVXQd8Lu3CxekdaFDNYd0Q=
-34,15,dA+yhbh1LretkDVlnnui4ez9+ho=,ghdKylVXQd8Lu3CxekdaFDNYd0Q=
-33,14,dA+yhbh1LretkDVlnnui4ez9+ho=,ghdKylVXQd8Lu3CxekdaFDNYd0Q=
-33,15,dA+yhbh1LretkDVlnnui4ez9+ho=,ghdKylVXQd8Lu3CxekdaFDNYd0Q=
-45,10,jlodvusQaK6V97d40Wp69HKkdxs=,or87ZT+G2t/ID5GqRfPaskS9tnY=
-36,8,jlodvusQaK6V97d40Wp69HKkdxs=,cHnBmeoBugs85nQO4QW8diiJu34=
-44,14,jlodvusQaK6V97d40Wp69HKkdxs=,8XGCo3kpqUNBchd+8jPHq+6t1Is=
-35,8,jlodvusQaK6V97d40Wp69HKkdxs=,cHnBmeoBugs85nQO4QW8diiJu34=
-44,11,jlodvusQaK6V97d40Wp69HKkdxs=,rZVz9aApMCxYNZEwh3Bh72sTfnM=
-47,11,jlodvusQaK6V97d40Wp69HKkdxs=,or87ZT+G2t/ID5GqRfPaskS9tnY=
-46,11,jlodvusQaK6V97d40Wp69HKkdxs=,or87ZT+G2t/ID5GqRfPaskS9tnY=
-45,11,jlodvusQaK6V97d40Wp69HKkdxs=,or87ZT+G2t/ID5GqRfPaskS9tnY=
-36,9,jlodvusQaK6V97d40Wp69HKkdxs=,cHnBmeoBugs85nQO4QW8diiJu34=
-47,12,jlodvusQaK6V97d40Wp69HKkdxs=,Y2cp22pV4DJcWAM4BkMYj4oNw64=
-35,9,jlodvusQaK6V97d40Wp69HKkdxs=,cHnBmeoBugs85nQO4QW8diiJu34=
-46,12,jlodvusQaK6V97d40Wp69HKkdxs=,Y2cp22pV4DJcWAM4BkMYj4oNw64=
-44,12,jlodvusQaK6V97d40Wp69HKkdxs=,8XGCo3kpqUNBchd+8jPHq+6t1Is=
-45,12,jlodvusQaK6V97d40Wp69HKkdxs=,Y2cp22pV4DJcWAM4BkMYj4oNw64=
-36,10,jlodvusQaK6V97d40Wp69HKkdxs=,cHnBmeoBugs85nQO4QW8diiJu34=
-47,13,jlodvusQaK6V97d40Wp69HKkdxs=,Y2cp22pV4DJcWAM4BkMYj4oNw64=
-35,10,jlodvusQaK6V97d40Wp69HKkdxs=,cHnBmeoBugs85nQO4QW8diiJu34=
-46,13,jlodvusQaK6V97d40Wp69HKkdxs=,Y2cp22pV4DJcWAM4BkMYj4oNw64=
-36,7,jlodvusQaK6V97d40Wp69HKkdxs=,M0kcm1nqKceqCkRB6ckhSyk3o/E=
-45,13,jlodvusQaK6V97d40Wp69HKkdxs=,Y2cp22pV4DJcWAM4BkMYj4oNw64=
-37,10,jlodvusQaK6V97d40Wp69HKkdxs=,c7UFJ2OLR5yc/b3/5wonZzC6Iso=
-44,13,jlodvusQaK6V97d40Wp69HKkdxs=,8XGCo3kpqUNBchd+8jPHq+6t1Is=
-37,7,jlodvusQaK6V97d40Wp69HKkdxs=,xTMIuSsnrgzAbwz29mkcLAPaqeE=
-47,14,jlodvusQaK6V97d40Wp69HKkdxs=,Y2cp22pV4DJcWAM4BkMYj4oNw64=
-46,14,jlodvusQaK6V97d40Wp69HKkdxs=,Y2cp22pV4DJcWAM4BkMYj4oNw64=
-36,11,jlodvusQaK6V97d40Wp69HKkdxs=,cHnBmeoBugs85nQO4QW8diiJu34=
-45,14,jlodvusQaK6V97d40Wp69HKkdxs=,Y2cp22pV4DJcWAM4BkMYj4oNw64=
-35,11,jlodvusQaK6V97d40Wp69HKkdxs=,cHnBmeoBugs85nQO4QW8diiJu34=
-35,7,jlodvusQaK6V97d40Wp69HKkdxs=,M0kcm1nqKceqCkRB6ckhSyk3o/E=
-37,11,jlodvusQaK6V97d40Wp69HKkdxs=,c7UFJ2OLR5yc/b3/5wonZzC6Iso=
-44,7,jlodvusQaK6V97d40Wp69HKkdxs=,rq8oaoBOg6DJCCNqqlWziOcsSFg=
-45,9,jlodvusQaK6V97d40Wp69HKkdxs=,or87ZT+G2t/ID5GqRfPaskS9tnY=
-48,6,jlodvusQaK6V97d40Wp69HKkdxs=,7jTf6wIOQ5nNjN6QTjaWe6s3Vkc=
-48,3,jlodvusQaK6V97d40Wp69HKkdxs=,t9ZFo+/BexviFbj9Ub5YmH8/eyo=
-48,5,jlodvusQaK6V97d40Wp69HKkdxs=,7jTf6wIOQ5nNjN6QTjaWe6s3Vkc=
-48,4,jlodvusQaK6V97d40Wp69HKkdxs=,7jTf6wIOQ5nNjN6QTjaWe6s3Vkc=
-37,8,jlodvusQaK6V97d40Wp69HKkdxs=,c7UFJ2OLR5yc/b3/5wonZzC6Iso=
-45,8,jlodvusQaK6V97d40Wp69HKkdxs=,or87ZT+G2t/ID5GqRfPaskS9tnY=
-46,8,jlodvusQaK6V97d40Wp69HKkdxs=,or87ZT+G2t/ID5GqRfPaskS9tnY=
-44,9,jlodvusQaK6V97d40Wp69HKkdxs=,rZVz9aApMCxYNZEwh3Bh72sTfnM=
-37,12,jlodvusQaK6V97d40Wp69HKkdxs=,eOhbnuhws5KeaPaEO0keSpXpRGc=
-36,12,jlodvusQaK6V97d40Wp69HKkdxs=,ghdKylVXQd8Lu3CxekdaFDNYd0Q=
-47,8,jlodvusQaK6V97d40Wp69HKkdxs=,or87ZT+G2t/ID5GqRfPaskS9tnY=
-48,13,jlodvusQaK6V97d40Wp69HKkdxs=,Y2cp22pV4DJcWAM4BkMYj4oNw64=
-48,14,jlodvusQaK6V97d40Wp69HKkdxs=,Y2cp22pV4DJcWAM4BkMYj4oNw64=
-39,15,jlodvusQaK6V97d40Wp69HKkdxs=,eOhbnuhws5KeaPaEO0keSpXpRGc=
-38,15,jlodvusQaK6V97d40Wp69HKkdxs=,eOhbnuhws5KeaPaEO0keSpXpRGc=
-37,15,jlodvusQaK6V97d40Wp69HKkdxs=,eOhbnuhws5KeaPaEO0keSpXpRGc=
-36,15,jlodvusQaK6V97d40Wp69HKkdxs=,ghdKylVXQd8Lu3CxekdaFDNYd0Q=
-34,12,jlodvusQaK6V97d40Wp69HKkdxs=,ghdKylVXQd8Lu3CxekdaFDNYd0Q=
-35,12,jlodvusQaK6V97d40Wp69HKkdxs=,ghdKylVXQd8Lu3CxekdaFDNYd0Q=
-34,13,jlodvusQaK6V97d40Wp69HKkdxs=,ghdKylVXQd8Lu3CxekdaFDNYd0Q=
-43,15,jlodvusQaK6V97d40Wp69HKkdxs=,8XGCo3kpqUNBchd+8jPHq+6t1Is=
-40,15,jlodvusQaK6V97d40Wp69HKkdxs=,eOhbnuhws5KeaPaEO0keSpXpRGc=
-42,15,jlodvusQaK6V97d40Wp69HKkdxs=,8XGCo3kpqUNBchd+8jPHq+6t1Is=
-41,15,jlodvusQaK6V97d40Wp69HKkdxs=,8XGCo3kpqUNBchd+8jPHq+6t1Is=
-35,13,jlodvusQaK6V97d40Wp69HKkdxs=,ghdKylVXQd8Lu3CxekdaFDNYd0Q=
-45,7,jlodvusQaK6V97d40Wp69HKkdxs=,7jTf6wIOQ5nNjN6QTjaWe6s3Vkc=
-44,10,jlodvusQaK6V97d40Wp69HKkdxs=,rZVz9aApMCxYNZEwh3Bh72sTfnM=
-46,7,jlodvusQaK6V97d40Wp69HKkdxs=,7jTf6wIOQ5nNjN6QTjaWe6s3Vkc=
-47,7,jlodvusQaK6V97d40Wp69HKkdxs=,7jTf6wIOQ5nNjN6QTjaWe6s3Vkc=
-43,11,jlodvusQaK6V97d40Wp69HKkdxs=,rZVz9aApMCxYNZEwh3Bh72sTfnM=
-44,8,jlodvusQaK6V97d40Wp69HKkdxs=,rZVz9aApMCxYNZEwh3Bh72sTfnM=
-33,13,jlodvusQaK6V97d40Wp69HKkdxs=,ghdKylVXQd8Lu3CxekdaFDNYd0Q=
-37,9,jlodvusQaK6V97d40Wp69HKkdxs=,c7UFJ2OLR5yc/b3/5wonZzC6Iso=
-33,12,jlodvusQaK6V97d40Wp69HKkdxs=,ghdKylVXQd8Lu3CxekdaFDNYd0Q=
-34,11,jlodvusQaK6V97d40Wp69HKkdxs=,cHnBmeoBugs85nQO4QW8diiJu34=
-34,10,jlodvusQaK6V97d40Wp69HKkdxs=,cHnBmeoBugs85nQO4QW8diiJu34=
-38,9,jlodvusQaK6V97d40Wp69HKkdxs=,c7UFJ2OLR5yc/b3/5wonZzC6Iso=
-33,11,jlodvusQaK6V97d40Wp69HKkdxs=,cHnBmeoBugs85nQO4QW8diiJu34=
-33,10,jlodvusQaK6V97d40Wp69HKkdxs=,cHnBmeoBugs85nQO4QW8diiJu34=
-48,11,jlodvusQaK6V97d40Wp69HKkdxs=,or87ZT+G2t/ID5GqRfPaskS9tnY=
-48,12,jlodvusQaK6V97d40Wp69HKkdxs=,Y2cp22pV4DJcWAM4BkMYj4oNw64=
-48,7,jlodvusQaK6V97d40Wp69HKkdxs=,7jTf6wIOQ5nNjN6QTjaWe6s3Vkc=
-48,8,jlodvusQaK6V97d40Wp69HKkdxs=,or87ZT+G2t/ID5GqRfPaskS9tnY=
-48,9,jlodvusQaK6V97d40Wp69HKkdxs=,or87ZT+G2t/ID5GqRfPaskS9tnY=
-48,10,jlodvusQaK6V97d40Wp69HKkdxs=,or87ZT+G2t/ID5GqRfPaskS9tnY=
-48,15,jlodvusQaK6V97d40Wp69HKkdxs=,Y2cp22pV4DJcWAM4BkMYj4oNw64=
-45,15,jlodvusQaK6V97d40Wp69HKkdxs=,Y2cp22pV4DJcWAM4BkMYj4oNw64=
-46,15,jlodvusQaK6V97d40Wp69HKkdxs=,Y2cp22pV4DJcWAM4BkMYj4oNw64=
-47,15,jlodvusQaK6V97d40Wp69HKkdxs=,Y2cp22pV4DJcWAM4BkMYj4oNw64=
-44,15,jlodvusQaK6V97d40Wp69HKkdxs=,8XGCo3kpqUNBchd+8jPHq+6t1Is=
-33,3,jlodvusQaK6V97d40Wp69HKkdxs=,1hoEJ3Zh1yesJDq5XUiy/c6yIlk=
-33,6,jlodvusQaK6V97d40Wp69HKkdxs=,M0kcm1nqKceqCkRB6ckhSyk3o/E=
-33,5,jlodvusQaK6V97d40Wp69HKkdxs=,M0kcm1nqKceqCkRB6ckhSyk3o/E=
-34,7,jlodvusQaK6V97d40Wp69HKkdxs=,M0kcm1nqKceqCkRB6ckhSyk3o/E=
-34,2,jlodvusQaK6V97d40Wp69HKkdxs=,1hoEJ3Zh1yesJDq5XUiy/c6yIlk=
-34,8,jlodvusQaK6V97d40Wp69HKkdxs=,cHnBmeoBugs85nQO4QW8diiJu34=
-33,4,jlodvusQaK6V97d40Wp69HKkdxs=,M0kcm1nqKceqCkRB6ckhSyk3o/E=
-34,9,jlodvusQaK6V97d40Wp69HKkdxs=,cHnBmeoBugs85nQO4QW8diiJu34=
-34,4,jlodvusQaK6V97d40Wp69HKkdxs=,M0kcm1nqKceqCkRB6ckhSyk3o/E=
-33,2,jlodvusQaK6V97d40Wp69HKkdxs=,1hoEJ3Zh1yesJDq5XUiy/c6yIlk=
-33,8,jlodvusQaK6V97d40Wp69HKkdxs=,cHnBmeoBugs85nQO4QW8diiJu34=
-33,7,jlodvusQaK6V97d40Wp69HKkdxs=,M0kcm1nqKceqCkRB6ckhSyk3o/E=
-33,9,jlodvusQaK6V97d40Wp69HKkdxs=,cHnBmeoBugs85nQO4QW8diiJu34=
