-1,-1,r58/5SEJ0CWPs5dCS+QEzdyasdk=,G8QhELbMw6Inq8mj9i38IiOLL1E=
-1,-2,r58/5SEJ0CWPs5dCS+QEzdyasdk=,aU6AfsvqCz3A+qlVM3B6rYXLKsQ=
-1,-3,r58/5SEJ0CWPs5dCS+QEzdyasdk=,/G3CIVyr0/h4Uo6pwzvk5NE9yEU=
-1,-4,r58/5SEJ0CWPs5dCS+QEzdyasdk=,nqr3qSPIKv3+K5tkTJd5ZVWkkkc=
-1,-5,2K0vHRrtzyMz3Rg4038K+p7sLXs=,6FPEu15xOWZRKK2mxjQbO0S2vCw=
-1,-6,2K0vHRrtzyMz3Rg4038K+p7sLXs=,tmJN7k3QSANJjKphkbco0W2Pmts=
-1,-7,2K0vHRrtzyMz3Rg4038K+p7sLXs=,MZGXipzxYE9rmmTAvIAy81vuNK4=
-1,-8,2K0vHRrtzyMz3Rg4038K+p7sLXs=,+8IVJpxpRwj17fQwb/9J0XLxOvc=
-1,-9,2K0vHRrtzyMz3Rg4038K+p7sLXs=,bi+95K4gKzi9qKW7u9b7l3HOu0E=
-1,-10,2K0vHRrtzyMz3Rg4038K+p7sLXs=,i1ShwPbwf7Fydz/Lnmcq5z2gVf8=
-1,-11,2K0vHRrtzyMz3Rg4038K+p7sLXs=,Q7TNhMEqrrKmDrOuPUZpk9bNqM0=
-1,-12,2K0vHRrtzyMz3Rg4038K+p7sLXs=,Z3oHptZD7KKRE75GhxJGRGDScfs=
-1,-13,2K0vHRrtzyMz3Rg4038K+p7sLXs=,9Rq7z8pMFCTl/bYsHp6c7PmPmPY=
-1,-14,2K0vHRrtzyMz3Rg4038K+p7sLXs=,yLDEvJV/Z51iA6OsT0I51ezoKjg=
-1,-15,2K0vHRrtzyMz3Rg4038K+p7sLXs=,rm2LWW3oeKVfYzn04ZN3NMigPwk=
-1,-16,2K0vHRrtzyMz3Rg4038K+p7sLXs=,pxX1QoafrLh+5O9MB3oh8T6TI/Q=
-1,-17,2K0vHRrtzyMz3Rg4038K+p7sLXs=,7xuDX/VdyPdxz7IsWiN5Yf7GkEw=
-1,-18,2K0vHRrtzyMz3Rg4038K+p7sLXs=,PgHrDkQNJcPBepcBquRxypGpbnc=
-1,-20,2K0vHRrtzyMz3Rg4038K+p7sLXs=,E/ipO3F2S6qxlolOjJpio58DF6Y=
-1,-21,2K0vHRrtzyMz3Rg4038K+p7sLXs=,OTTNljTLx+baqA1aWZra5GNE28k=
-1,-22,2K0vHRrtzyMz3Rg4038K+p7sLXs=,E/ipO3F2S6qxlolOjJpio58DF6Y=
-1,-23,2K0vHRrtzyMz3Rg4038K+p7sLXs=,2jmj7l5rSw0yVb/vlWAYkK/YBwk=
-1,-24,2K0vHRrtzyMz3Rg4038K+p7sLXs=,2jmj7l5rSw0yVb/vlWAYkK/YBwk=
-1,-25,2K0vHRrtzyMz3Rg4038K+p7sLXs=,2jmj7l5rSw0yVb/vlWAYkK/YBwk=
-1,-26,2K0vHRrtzyMz3Rg4038K+p7sLXs=,lqkxjYNFrqTO9fbhtekSNgJdk5A=
-1,-28,2K0vHRrtzyMz3Rg4038K+p7sLXs=,8REPB4UC7+qoDzh0rcvWGXI9t20=
-1,-29,2K0vHRrtzyMz3Rg4038K+p7sLXs=,8REPB4UC7+qoDzh0rcvWGXI9t20=
-1,-30,2K0vHRrtzyMz3Rg4038K+p7sLXs=,lqkxjYNFrqTO9fbhtekSNgJdk5A=
-1,-31,2K0vHRrtzyMz3Rg4038K+p7sLXs=,2jmj7l5rSw0yVb/vlWAYkK/YBwk=
-2,-2,2K0vHRrtzyMz3Rg4038K+p7sLXs=,b/hZ+oZElfDNrhJoZvT7cuxrMDo=
-2,-1,2K0vHRrtzyMz3Rg4038K+p7sLXs=,yNTiZTPJ3DubIFjkXkQvNbqsbrI=
-2,-4,2K0vHRrtzyMz3Rg4038K+p7sLXs=,gwCrgnsm6bGxhsmMV34AGEtF8Z0=
-2,-3,2K0vHRrtzyMz3Rg4038K+p7sLXs=,t6lOVq7hV4dMb1KdoReM5MG7zxQ=
-2,-6,2K0vHRrtzyMz3Rg4038K+p7sLXs=,xWD5wQ2ZOEKe5wskxZOC9A3f9hs=
-2,-5,2K0vHRrtzyMz3Rg4038K+p7sLXs=,zmz5mDV2jYqEP6k2u7JDynB/0o4=
-2,-8,BoaO+8T2nsZxEbO1JYTK2AIL9SM=,eTAARkHHYUa9wbGbADKPnT+XL3w=
-2,-7,BoaO+8T2nsZxEbO1JYTK2AIL9SM=,JFssBFqsQKDKd+zMZFovix02K3o=
-2,-10,BoaO+8T2nsZxEbO1JYTK2AIL9SM=,X61mlH5BPqhdiZ4Eq8rVaU1Q2YE=
-2,-9,BoaO+8T2nsZxEbO1JYTK2AIL9SM=,Vc3QbnYoZ6vF4txATA09ubVogD8=
-2,-12,BoaO+8T2nsZxEbO1JYTK2AIL9SM=,/wj2PTy/Wme/L2gGoaSpu2AZitQ=
-2,-11,BoaO+8T2nsZxEbO1JYTK2AIL9SM=,/O9Pu3hfYX+b2I0rb/uwx3QQv60=
-2,-14,BoaO+8T2nsZxEbO1JYTK2AIL9SM=,lklMzrJF2punEZdMy5XKwDvF8QE=
-2,-13,BoaO+8T2nsZxEbO1JYTK2AIL9SM=,Qc5ktCrNEh5l7TlMj03NSouyWE8=
-2,-16,BoaO+8T2nsZxEbO1JYTK2AIL9SM=,ayUUHBEx9asR6fVT1JlZWwU3hwA=
-2,-15,BoaO+8T2nsZxEbO1JYTK2AIL9SM=,TKcH6fvU7JbIEq0mCbTs5iQRPP8=
-2,-17,BoaO+8T2nsZxEbO1JYTK2AIL9SM=,ZcU1howWI/9W5c3MQ3oyLHxXGr0=
-2,-20,BoaO+8T2nsZxEbO1JYTK2AIL9SM=,2jmj7l5rSw0yVb/vlWAYkK/YBwk=
-2,-19,BoaO+8T2nsZxEbO1JYTK2AIL9SM=,2jmj7l5rSw0yVb/vlWAYkK/YBwk=
-2,-22,BoaO+8T2nsZxEbO1JYTK2AIL9SM=,2jmj7l5rSw0yVb/vlWAYkK/YBwk=
-2,-21,BoaO+8T2nsZxEbO1JYTK2AIL9SM=,2jmj7l5rSw0yVb/vlWAYkK/YBwk=
-2,-24,BoaO+8T2nsZxEbO1JYTK2AIL9SM=,2jmj7l5rSw0yVb/vlWAYkK/YBwk=
-2,-23,BoaO+8T2nsZxEbO1JYTK2AIL9SM=,2jmj7l5rSw0yVb/vlWAYkK/YBwk=
-2,-26,BoaO+8T2nsZxEbO1JYTK2AIL9SM=,2jmj7l5rSw0yVb/vlWAYkK/YBwk=
-2,-25,BoaO+8T2nsZxEbO1JYTK2AIL9SM=,2jmj7l5rSw0yVb/vlWAYkK/YBwk=
-2,-28,BoaO+8T2nsZxEbO1JYTK2AIL9SM=,2jmj7l5rSw0yVb/vlWAYkK/YBwk=
-2,-27,BoaO+8T2nsZxEbO1JYTK2AIL9SM=,2jmj7l5rSw0yVb/vlWAYkK/YBwk=
-2,-30,BoaO+8T2nsZxEbO1JYTK2AIL9SM=,2jmj7l5rSw0yVb/vlWAYkK/YBwk=
-2,-29,BoaO+8T2nsZxEbO1JYTK2AIL9SM=,2jmj7l5rSw0yVb/vlWAYkK/YBwk=
-2,-32,BoaO+8T2nsZxEbO1JYTK2AIL9SM=,2jmj7l5rSw0yVb/vlWAYkK/YBwk=
-2,-31,BoaO+8T2nsZxEbO1JYTK2AIL9SM=,2jmj7l5rSw0yVb/vlWAYkK/YBwk=
-3,-3,BoaO+8T2nsZxEbO1JYTK2AIL9SM=,iCIbfMeeA3xJP5aVsbbe4dqp/O0=
-3,-4,BoaO+8T2nsZxEbO1JYTK2AIL9SM=,Sk59r28mXZEVvrGekdyKCU2zSxc=
-3,-1,BoaO+8T2nsZxEbO1JYTK2AIL9SM=,UmgzolOuWKBy/kGHp+KfPM6JTyA=
-3,-2,BoaO+8T2nsZxEbO1JYTK2AIL9SM=,uPqDmkRqkXSc+qiSFAcoCKeqQ1k=
-3,-7,PMNgI192E3d2Yw7N/ZBCoK364JY=,h51X9jQi5JQ9hyEYj/XRJ4WjNlQ=
-3,-8,PMNgI192E3d2Yw7N/ZBCoK364JY=,ixyU5VuD8USMTspZ6p0+Ek/P60A=
-3,-5,PMNgI192E3d2Yw7N/ZBCoK364JY=,tiXmpk2250gIgm3wlWkle56m5l4=
-3,-6,PMNgI192E3d2Yw7N/ZBCoK364JY=,mFNqpYCbx4G+OwCWIbA74Wtqm/4=
-3,-11,PMNgI192E3d2Yw7N/ZBCoK364JY=,WPioD8uX5ICCMJrATqIjOAQ0Rmk=
-3,-12,PMNgI192E3d2Yw7N/ZBCoK364JY=,bjbC+yPNcpZHMsolCKhZP0v0Ffo=
-3,-9,PMNgI192E3d2Yw7N/ZBCoK364JY=,nAYYUX5Gi9lpMhZoMW9/SWZ7/Wc=
-3,-10,PMNgI192E3d2Yw7N/ZBCoK364JY=,lqqPnov0uDyly94t+TukriGyDJE=
-3,-15,PMNgI192E3d2Yw7N/ZBCoK364JY=,pox7mW4QbZ82J6OwxM5md56O7o4=
-3,-16,PMNgI192E3d2Yw7N/ZBCoK364JY=,ri80Zd6uOy+DdCqgaCCaJQa++Tw=
-3,-13,PMNgI192E3d2Yw7N/ZBCoK364JY=,+rg78O5ykqIYgI14E0wQSv+HMsM=
-3,-14,PMNgI192E3d2Yw7N/ZBCoK364JY=,cle1WcX1gIffWFA31p/h7oO+AZE=
-3,-19,PMNgI192E3d2Yw7N/ZBCoK364JY=,6u3P/TX5+VBPhK+8nEqd834gfmQ=
-3,-20,PMNgI192E3d2Yw7N/ZBCoK364JY=,7QQTBDUBnrGHvXFiRZ7cSmxa1d0=
-3,-17,PMNgI192E3d2Yw7N/ZBCoK364JY=,pRcOkw9bhs6rNOwCN7o+e7oc5R4=
-3,-18,PMNgI192E3d2Yw7N/ZBCoK364JY=,tmYXc8LQsbv7cqR9ve3DbcbeQs0=
-3,-23,PMNgI192E3d2Yw7N/ZBCoK364JY=,2jmj7l5rSw0yVb/vlWAYkK/YBwk=
-3,-24,PMNgI192E3d2Yw7N/ZBCoK364JY=,2jmj7l5rSw0yVb/vlWAYkK/YBwk=
-3,-21,PMNgI192E3d2Yw7N/ZBCoK364JY=,E/ipO3F2S6qxlolOjJpio58DF6Y=
-3,-22,PMNgI192E3d2Yw7N/ZBCoK364JY=,2jmj7l5rSw0yVb/vlWAYkK/YBwk=
-3,-27,PMNgI192E3d2Yw7N/ZBCoK364JY=,2jmj7l5rSw0yVb/vlWAYkK/YBwk=
-3,-28,PMNgI192E3d2Yw7N/ZBCoK364JY=,2jmj7l5rSw0yVb/vlWAYkK/YBwk=
-3,-25,PMNgI192E3d2Yw7N/ZBCoK364JY=,2jmj7l5rSw0yVb/vlWAYkK/YBwk=
-3,-26,PMNgI192E3d2Yw7N/ZBCoK364JY=,2jmj7l5rSw0yVb/vlWAYkK/YBwk=
-3,-31,PMNgI192E3d2Yw7N/ZBCoK364JY=,2jmj7l5rSw0yVb/vlWAYkK/YBwk=
-3,-32,PMNgI192E3d2Yw7N/ZBCoK364JY=,2jmj7l5rSw0yVb/vlWAYkK/YBwk=
-3,-29,PMNgI192E3d2Yw7N/ZBCoK364JY=,2jmj7l5rSw0yVb/vlWAYkK/YBwk=
-3,-30,PMNgI192E3d2Yw7N/ZBCoK364JY=,2jmj7l5rSw0yVb/vlWAYkK/YBwk=
-4,-4,PMNgI192E3d2Yw7N/ZBCoK364JY=,iEXCNo8lFSNGUwGXwOVX/Bj8rEM=
-4,-3,PMNgI192E3d2Yw7N/ZBCoK364JY=,P1+dfN2RZdxUXm0CkxoI8RGN0No=
-4,-2,PMNgI192E3d2Yw7N/ZBCoK364JY=,ad1nljsrpmt5yrB1Dd7ijaZZY1Y=
-4,-1,aHlfbXA1+YW83BmvjX4nGidy+ow=,V4MOXVkp1rb0Wv3C8tLgayto0L4=
-4,-8,aHlfbXA1+YW83BmvjX4nGidy+ow=,6x6zooDv639y9O+VWfEEqfWcB4I=
-4,-7,aHlfbXA1+YW83BmvjX4nGidy+ow=,S9XsJeNQPJLAu0ai0sePdxvTfkY=
-4,-6,aHlfbXA1+YW83BmvjX4nGidy+ow=,WGGUUiQAMF7IyFZJhKGZBq8QLzg=
-4,-5,aHlfbXA1+YW83BmvjX4nGidy+ow=,oLqtXvaobMNahIKmAIEK+ZX1/5w=
-4,-12,aHlfbXA1+YW83BmvjX4nGidy+ow=,HFwEKik9oUkqY79vzW3GM8ao8VU=
-4,-11,aHlfbXA1+YW83BmvjX4nGidy+ow=,wJf2db/N56Ou8wJbUhevKOG/3t4=
-4,-10,aHlfbXA1+YW83BmvjX4nGidy+ow=,9t2jij1YDInh24pkftGWRJyF0GU=
-4,-9,aHlfbXA1+YW83BmvjX4nGidy+ow=,/cXEmh6CEaNcrFbcFMluZc4mYiw=
-4,-16,aHlfbXA1+YW83BmvjX4nGidy+ow=,9pFwvaupPQGJwqUZVcyQJXPTD5w=
-4,-15,aHlfbXA1+YW83BmvjX4nGidy+ow=,K36rBG/H73EmDN8+ndqDlzyooXc=
-4,-14,aHlfbXA1+YW83BmvjX4nGidy+ow=,PpeHYE5WGp+PO7F8P7nsdh8uSks=
-4,-13,aHlfbXA1+YW83BmvjX4nGidy+ow=,EVR5XMqV6qHOmp3pOAg5uL+68vk=
-4,-20,aHlfbXA1+YW83BmvjX4nGidy+ow=,s4yCrw0CXMyLDgjKT4m2B+uzXy4=
-4,-19,aHlfbXA1+YW83BmvjX4nGidy+ow=,KWR0jVgd0IF9yaCQtUvDf8pgYLw=
-4,-18,aHlfbXA1+YW83BmvjX4nGidy+ow=,flM1pU5x7M7ent+jZORr0XWFO6Q=
-4,-17,aHlfbXA1+YW83BmvjX4nGidy+ow=,f3QJRzVUbedr7N1CuGpsukd3RKs=
-4,-23,aHlfbXA1+YW83BmvjX4nGidy+ow=,2jmj7l5rSw0yVb/vlWAYkK/YBwk=
-4,-22,aHlfbXA1+YW83BmvjX4nGidy+ow=,2jmj7l5rSw0yVb/vlWAYkK/YBwk=
-4,-21,aHlfbXA1+YW83BmvjX4nGidy+ow=,OTTNljTLx+baqA1aWZra5GNE28k=
-4,-28,aHlfbXA1+YW83BmvjX4nGidy+ow=,2jmj7l5rSw0yVb/vlWAYkK/YBwk=
-4,-26,aHlfbXA1+YW83BmvjX4nGidy+ow=,2jmj7l5rSw0yVb/vlWAYkK/YBwk=
-4,-25,aHlfbXA1+YW83BmvjX4nGidy+ow=,2jmj7l5rSw0yVb/vlWAYkK/YBwk=
-4,-32,aHlfbXA1+YW83BmvjX4nGidy+ow=,2jmj7l5rSw0yVb/vlWAYkK/YBwk=
-4,-31,aHlfbXA1+YW83BmvjX4nGidy+ow=,2jmj7l5rSw0yVb/vlWAYkK/YBwk=
-4,-30,aHlfbXA1+YW83BmvjX4nGidy+ow=,2jmj7l5rSw0yVb/vlWAYkK/YBwk=
-4,-29,aHlfbXA1+YW83BmvjX4nGidy+ow=,2jmj7l5rSw0yVb/vlWAYkK/YBwk=
-5,-5,aHlfbXA1+YW83BmvjX4nGidy+ow=,NAupxfB4c4ZsXMye1c4wNyrjITs=
-5,-6,aHlfbXA1+YW83BmvjX4nGidy+ow=,Yw/oxz1lrkd6Q6u3ZYh0/CbsQd0=
-5,-7,aHlfbXA1+YW83BmvjX4nGidy+ow=,w4jUuNgKto8juMG7SCPuKnH7ju8=
-5,-8,aHlfbXA1+YW83BmvjX4nGidy+ow=,movMDBTcarbyYMRNkpSipKJzRdw=
-5,-1,aHlfbXA1+YW83BmvjX4nGidy+ow=,qV6QVKY/4LNjo9B1wq6kH2Lknxs=
-5,-2,aHlfbXA1+YW83BmvjX4nGidy+ow=,vJBODUKLg0TjCuAvapGy4ipVkx4=
-5,-3,2njLq5O6mlqVxWDI//tKHTbjnR8=,QyE700/yZtE7E6HK1lohbSUo8aA=
-5,-4,2njLq5O6mlqVxWDI//tKHTbjnR8=,WUTNqY/b/EvnGNOpbwf8h9zASA0=
-5,-13,2njLq5O6mlqVxWDI//tKHTbjnR8=,wpj11yPFmagN7FVhuT1htjXIUuo=
-5,-14,2njLq5O6mlqVxWDI//tKHTbjnR8=,v97MNblNWu5K7VOsNKXmPrhjGCM=
-5,-15,2njLq5O6mlqVxWDI//tKHTbjnR8=,m59WJApSorNRGVxvYXZgxcTxUKg=
-5,-16,2njLq5O6mlqVxWDI//tKHTbjnR8=,JEvhDRqBJ5lyGO6ZsWC9G/NI0kM=
-5,-9,2njLq5O6mlqVxWDI//tKHTbjnR8=,u995hKG4SnepN1FT7CNPKYfbRR8=
-5,-10,2njLq5O6mlqVxWDI//tKHTbjnR8=,Xsh5P6TDVKlNC/qGGI36D8UF4KA=
-5,-11,2njLq5O6mlqVxWDI//tKHTbjnR8=,cPrJrl2fz2Ohk3GlP3mbncP9v2c=
-5,-12,2njLq5O6mlqVxWDI//tKHTbjnR8=,19d+Ee6MmTi0LUm2da/49M6hYNA=
-5,-21,2njLq5O6mlqVxWDI//tKHTbjnR8=,OTTNljTLx+baqA1aWZra5GNE28k=
-5,-22,2njLq5O6mlqVxWDI//tKHTbjnR8=,2jmj7l5rSw0yVb/vlWAYkK/YBwk=
-5,-23,2njLq5O6mlqVxWDI//tKHTbjnR8=,2jmj7l5rSw0yVb/vlWAYkK/YBwk=
-5,-24,2njLq5O6mlqVxWDI//tKHTbjnR8=,2jmj7l5rSw0yVb/vlWAYkK/YBwk=
-5,-17,2njLq5O6mlqVxWDI//tKHTbjnR8=,S7Xt38WkQIhy5baRmgHncPqaSPQ=
-5,-18,2njLq5O6mlqVxWDI//tKHTbjnR8=,EDLDHWnf6L1Lg8Tn2Hk/s0IjYSU=
-5,-19,2njLq5O6mlqVxWDI//tKHTbjnR8=,nWiHZlhkIIyhRs7lBMDj5wBiOWw=
-5,-20,2njLq5O6mlqVxWDI//tKHTbjnR8=,kqjZEBNpswi9LkaK//UWdt9oXc8=
-5,-29,2njLq5O6mlqVxWDI//tKHTbjnR8=,2jmj7l5rSw0yVb/vlWAYkK/YBwk=
-5,-30,2njLq5O6mlqVxWDI//tKHTbjnR8=,2jmj7l5rSw0yVb/vlWAYkK/YBwk=
-5,-32,2njLq5O6mlqVxWDI//tKHTbjnR8=,2jmj7l5rSw0yVb/vlWAYkK/YBwk=
-5,-25,2njLq5O6mlqVxWDI//tKHTbjnR8=,2jmj7l5rSw0yVb/vlWAYkK/YBwk=
-5,-26,2njLq5O6mlqVxWDI//tKHTbjnR8=,2jmj7l5rSw0yVb/vlWAYkK/YBwk=
-5,-27,2njLq5O6mlqVxWDI//tKHTbjnR8=,2jmj7l5rSw0yVb/vlWAYkK/YBwk=
-5,-28,2njLq5O6mlqVxWDI//tKHTbjnR8=,2jmj7l5rSw0yVb/vlWAYkK/YBwk=
-6,-6,2njLq5O6mlqVxWDI//tKHTbjnR8=,Sefo4fzEUbuHYqe7Ad882Kx/iWU=
-6,-5,2njLq5O6mlqVxWDI//tKHTbjnR8=,X7LHHYTjOUGHCyMdu3geTjuydHg=
-6,-8,2njLq5O6mlqVxWDI//tKHTbjnR8=,2zTcaFBzuKGRMuYbxd33U4EP0c8=
-6,-7,2njLq5O6mlqVxWDI//tKHTbjnR8=,5hdyhGKd1eI8rj0ZR/7wSCT5a14=
-6,-2,2njLq5O6mlqVxWDI//tKHTbjnR8=,WsMg1ziRAHLPYrt0ayU/SqRHofE=
-6,-1,2njLq5O6mlqVxWDI//tKHTbjnR8=,+vvVYNZjO2GQlv3MbuohjH4yNa8=
-6,-4,2njLq5O6mlqVxWDI//tKHTbjnR8=,H1GQqqui5MKy0PKKew8GMoIITVo=
-6,-3,A6xThc5muHJnTx2CNIixh8GyaIE=,oTo6T/QN2mzgd+Ej8UZVNzVhBO4=
-6,-14,A6xThc5muHJnTx2CNIixh8GyaIE=,9MsJxbqtHgV3CWWJ1PMcPiC9FZI=
-6,-13,A6xThc5muHJnTx2CNIixh8GyaIE=,H0+rWBhGVFn2Z6FzQspvV7kMDt0=
-6,-16,A6xThc5muHJnTx2CNIixh8GyaIE=,sW4iB345dwm4y0SQRWl0lKVNqjk=
-6,-15,A6xThc5muHJnTx2CNIixh8GyaIE=,4J+jC9uTJZyfB8hzVmu3mBaHdlo=
-6,-10,A6xThc5muHJnTx2CNIixh8GyaIE=,3PFqfjzwiuwWjyZH4eAZutKHPdU=
-6,-9,A6xThc5muHJnTx2CNIixh8GyaIE=,kYxXMzwfrGaEWH6q58Q8tfPng8I=
-6,-12,A6xThc5muHJnTx2CNIixh8GyaIE=,PNCOZw3Jqz/U7RYuKA2HOoA2ALU=
-6,-11,A6xThc5muHJnTx2CNIixh8GyaIE=,6sL7cTe9qVVDP1YRj0dswj9FpPk=
-6,-22,A6xThc5muHJnTx2CNIixh8GyaIE=,2jmj7l5rSw0yVb/vlWAYkK/YBwk=
-6,-21,A6xThc5muHJnTx2CNIixh8GyaIE=,b+Ed+xh+dp8oATv3E3mwnnZOLyM=
-6,-23,A6xThc5muHJnTx2CNIixh8GyaIE=,2jmj7l5rSw0yVb/vlWAYkK/YBwk=
-6,-18,A6xThc5muHJnTx2CNIixh8GyaIE=,6EAfEaR7lM98solmyIB066UaUXg=
-6,-17,A6xThc5muHJnTx2CNIixh8GyaIE=,W41/QqGYnyQ9MWjEKGAvjTVGj1c=
-6,-20,A6xThc5muHJnTx2CNIixh8GyaIE=,koV3PnNMiubhEkUVey9GYu9MUB0=
-6,-19,A6xThc5muHJnTx2CNIixh8GyaIE=,8QTfe/yLZDS5UujOEps9jSoQdIo=
-6,-30,A6xThc5muHJnTx2CNIixh8GyaIE=,2jmj7l5rSw0yVb/vlWAYkK/YBwk=
-6,-29,A6xThc5muHJnTx2CNIixh8GyaIE=,2jmj7l5rSw0yVb/vlWAYkK/YBwk=
-6,-32,A6xThc5muHJnTx2CNIixh8GyaIE=,2jmj7l5rSw0yVb/vlWAYkK/YBwk=
-6,-31,A6xThc5muHJnTx2CNIixh8GyaIE=,2jmj7l5rSw0yVb/vlWAYkK/YBwk=
-6,-25,A6xThc5muHJnTx2CNIixh8GyaIE=,2jmj7l5rSw0yVb/vlWAYkK/YBwk=
-6,-28,A6xThc5muHJnTx2CNIixh8GyaIE=,2jmj7l5rSw0yVb/vlWAYkK/YBwk=
-6,-27,A6xThc5muHJnTx2CNIixh8GyaIE=,2jmj7l5rSw0yVb/vlWAYkK/YBwk=
-7,-7,A6xThc5muHJnTx2CNIixh8GyaIE=,XCeGNgofyXgaHJJ6UG5v4UhwJQ4=
-7,-8,A6xThc5muHJnTx2CNIixh8GyaIE=,U7FxySw31vqn9sYAZkd4voZE8dU=
-7,-5,A6xThc5muHJnTx2CNIixh8GyaIE=,DYoMrMHWduZV/KixeFkq8sOF1iI=
-7,-6,A6xThc5muHJnTx2CNIixh8GyaIE=,6lSV5vkLZFWYSe0xgW5+EBs+Y/g=
-7,-3,A6xThc5muHJnTx2CNIixh8GyaIE=,6LG4bRX9wGM1gh36DvH9owgUf2w=
-7,-4,A6xThc5muHJnTx2CNIixh8GyaIE=,IE4rHmvrhn9rB4/X2IHW6fkxpos=
-7,-1,A6xThc5muHJnTx2CNIixh8GyaIE=,wC5KIj/mIsjRCd4ZCi3hJKb7jPo=
-7,-2,A6xThc5muHJnTx2CNIixh8GyaIE=,86ZKVmeiBgQjwz8SY3mv21dIuN8=
-7,-15,A6xThc5muHJnTx2CNIixh8GyaIE=,yhmctvtXvgZjaOEGYMqp2U9Sezk=
-7,-16,A6xThc5muHJnTx2CNIixh8GyaIE=,1nbAFN1E2vWH3u7tQLQZIsiOqNA=
-7,-13,xBfTWIb0vpZ3Ju+mQHwlMudQ4SA=,n5eaFpT4BRRF5jJMfNvH2YHIdNs=
-7,-14,xBfTWIb0vpZ3Ju+mQHwlMudQ4SA=,+wmIZI7yiXAMk1+Voughxfp+KwA=
-7,-11,xBfTWIb0vpZ3Ju+mQHwlMudQ4SA=,fsg54TucHeryy+asrdDVZq2WA30=
-7,-12,xBfTWIb0vpZ3Ju+mQHwlMudQ4SA=,Sn2VwLDLBWaIKYFo7TF9XgadxBo=
-7,-9,xBfTWIb0vpZ3Ju+mQHwlMudQ4SA=,UDdvVl8hFl0eszXUMSi/pFiiMfQ=
-7,-10,xBfTWIb0vpZ3Ju+mQHwlMudQ4SA=,Znqe7qHnS7fW4Nko/GeLXu8CNXw=
-7,-23,xBfTWIb0vpZ3Ju+mQHwlMudQ4SA=,E/ipO3F2S6qxlolOjJpio58DF6Y=
-7,-24,xBfTWIb0vpZ3Ju+mQHwlMudQ4SA=,OTTNljTLx+baqA1aWZra5GNE28k=
-7,-21,xBfTWIb0vpZ3Ju+mQHwlMudQ4SA=,3/2XA8uQLHHVsaM3MBi+AuEMzaE=
-7,-22,xBfTWIb0vpZ3Ju+mQHwlMudQ4SA=,EbCVfUnq43xnUhdrnIKwLPEUhg4=
-7,-19,xBfTWIb0vpZ3Ju+mQHwlMudQ4SA=,3ySevWi74FxkOuSiCBVtmwP96s8=
-7,-20,xBfTWIb0vpZ3Ju+mQHwlMudQ4SA=,YCXjO8gk+W7PUqUQ8pmEbYCBZlY=
-7,-17,xBfTWIb0vpZ3Ju+mQHwlMudQ4SA=,gwQfwGeWMb4D0uYRQJl5V5cVJDc=
-7,-18,xBfTWIb0vpZ3Ju+mQHwlMudQ4SA=,boyFZxsOnmiv+NS/Wt1huDKyHMI=
-7,-31,xBfTWIb0vpZ3Ju+mQHwlMudQ4SA=,2jmj7l5rSw0yVb/vlWAYkK/YBwk=
-7,-29,xBfTWIb0vpZ3Ju+mQHwlMudQ4SA=,2jmj7l5rSw0yVb/vlWAYkK/YBwk=
-7,-30,xBfTWIb0vpZ3Ju+mQHwlMudQ4SA=,2jmj7l5rSw0yVb/vlWAYkK/YBwk=
-7,-27,xBfTWIb0vpZ3Ju+mQHwlMudQ4SA=,2jmj7l5rSw0yVb/vlWAYkK/YBwk=
-7,-28,xBfTWIb0vpZ3Ju+mQHwlMudQ4SA=,2jmj7l5rSw0yVb/vlWAYkK/YBwk=
-7,-25,xBfTWIb0vpZ3Ju+mQHwlMudQ4SA=,lqkxjYNFrqTO9fbhtekSNgJdk5A=
-7,-26,xBfTWIb0vpZ3Ju+mQHwlMudQ4SA=,2jmj7l5rSw0yVb/vlWAYkK/YBwk=
-8,-8,xBfTWIb0vpZ3Ju+mQHwlMudQ4SA=,kgJyILu4ivPs43qEleEL+Fdcwyo=
-8,-7,xBfTWIb0vpZ3Ju+mQHwlMudQ4SA=,+1wqm2k5BP1Skl8/kIXrRUZ6DEo=
-8,-6,xBfTWIb0vpZ3Ju+mQHwlMudQ4SA=,eG/ThG4/fGIBIomElrq3oBvy7AE=
-8,-5,xBfTWIb0vpZ3Ju+mQHwlMudQ4SA=,919oHf3LXjnXhWj4SV21QdjPbLs=
-8,-4,xBfTWIb0vpZ3Ju+mQHwlMudQ4SA=,XiJPqzGjkeKzqCg4vF+6ED1jGpk=
-8,-3,xBfTWIb0vpZ3Ju+mQHwlMudQ4SA=,9CVV+K8CxPxyYm2fNjIkfja3H30=
-8,-2,xBfTWIb0vpZ3Ju+mQHwlMudQ4SA=,P580S2cdQ8I8MpbMTjYelzVdTWE=
-8,-1,xBfTWIb0vpZ3Ju+mQHwlMudQ4SA=,IIlx0K99AIlHFI4usuyx3TmBqEw=
-8,-16,xBfTWIb0vpZ3Ju+mQHwlMudQ4SA=,X3obq3g3U+9N1Gmf6RgzOCpKeNQ=
-8,-15,xBfTWIb0vpZ3Ju+mQHwlMudQ4SA=,/+wQ69c0G0hrtjgr6/Wv3fUQ1hc=
-8,-14,mHNLZb83H0as667aREqrTpOd98U=,CfE9rbYdIPpkvISNt99UKoKsViw=
-8,-13,mHNLZb83H0as667aREqrTpOd98U=,cN1IfmxtjQg1CL/hXrQxT6OtKho=
-8,-12,mHNLZb83H0as667aREqrTpOd98U=,k8p/0Gcrf/0P4AQzJC1X+QXcbzg=
-8,-11,mHNLZb83H0as667aREqrTpOd98U=,14RJ/1EAFBU3UjIHflAL+4qaaRQ=
-8,-10,mHNLZb83H0as667aREqrTpOd98U=,kKg4xwETxCZyb/D3cvPWBGYxTvA=
-8,-9,mHNLZb83H0as667aREqrTpOd98U=,xXhg6WJI/4ur8Qn8hIMWxbKFx7c=
-8,-24,mHNLZb83H0as667aREqrTpOd98U=,jJB0No8LrLYImHJcpN69naM/+ZI=
-8,-23,mHNLZb83H0as667aREqrTpOd98U=,75aqSDYBLFJEKvp4MbIdDFxpGzY=
-8,-22,mHNLZb83H0as667aREqrTpOd98U=,6QjBkg+ah0DL4yyiNIQTVEd5hqY=
-8,-21,mHNLZb83H0as667aREqrTpOd98U=,huQBawk7PZTy5Z0TvX0W9TssQs0=
-8,-20,mHNLZb83H0as667aREqrTpOd98U=,eXb99LdzjiMRuookLqf9Pi4X0Eo=
-8,-19,mHNLZb83H0as667aREqrTpOd98U=,rGQnrHolvucBkSTFUI1WwbmOWNw=
-8,-18,mHNLZb83H0as667aREqrTpOd98U=,TqftXCEjbgVoBQqWk4sGFCVigCY=
-8,-17,mHNLZb83H0as667aREqrTpOd98U=,isfhakOcp8tB19WNRfHFRdQp1BM=
-8,-32,mHNLZb83H0as667aREqrTpOd98U=,8REPB4UC7+qoDzh0rcvWGXI9t20=
-8,-31,mHNLZb83H0as667aREqrTpOd98U=,8REPB4UC7+qoDzh0rcvWGXI9t20=
-8,-30,mHNLZb83H0as667aREqrTpOd98U=,8REPB4UC7+qoDzh0rcvWGXI9t20=
-8,-29,mHNLZb83H0as667aREqrTpOd98U=,8REPB4UC7+qoDzh0rcvWGXI9t20=
-8,-28,mHNLZb83H0as667aREqrTpOd98U=,8REPB4UC7+qoDzh0rcvWGXI9t20=
-8,-27,mHNLZb83H0as667aREqrTpOd98U=,8REPB4UC7+qoDzh0rcvWGXI9t20=
-8,-26,mHNLZb83H0as667aREqrTpOd98U=,8REPB4UC7+qoDzh0rcvWGXI9t20=
-8,-25,mHNLZb83H0as667aREqrTpOd98U=,Y31jFko/SOOGOfgBaPgDSLaNvFk=
-9,-9,mHNLZb83H0as667aREqrTpOd98U=,GciFMmTFZqYdOnyF97rd+jvvwIg=
-9,-10,mHNLZb83H0as667aREqrTpOd98U=,1QsQirwqtourlRzC+zEF4m3Ap0M=
-9,-11,mHNLZb83H0as667aREqrTpOd98U=,oadpOfCkohB2rU4IykA5lErFAAo=
-9,-12,mHNLZb83H0as667aREqrTpOd98U=,BToME4cb41MTtQKsfPR5ZnyyHgI=
-9,-13,mHNLZb83H0as667aREqrTpOd98U=,s5ExBK5Z9AxeZgLAqR8t+OWZoZk=
-9,-14,mHNLZb83H0as667aREqrTpOd98U=,gRolaYouGoKL0hussIjneolCFpw=
-9,-15,mHNLZb83H0as667aREqrTpOd98U=,f3ayCPrXOmo0BPxJWlHV78hBSUo=
-9,-16,mHNLZb83H0as667aREqrTpOd98U=,++NTUn+BEr9CPSCCpRnEqVBw79g=
-9,-1,mHNLZb83H0as667aREqrTpOd98U=,ldf4qKn4YOE1/Il1XoO4sHnoT/o=
-9,-2,mHNLZb83H0as667aREqrTpOd98U=,2/Wd7XWNuNoYWDlsbk0xoKtmVtE=
-9,-3,jR2Cw47S103ObndjFasRrvrB9rQ=,Brk8t4sOtT1XY86KKbEYkrhsd14=
-9,-4,jR2Cw47S103ObndjFasRrvrB9rQ=,weaw1nQfo80eR6JK3pgmE1aGMlk=
-9,-5,jR2Cw47S103ObndjFasRrvrB9rQ=,bv+j+G9WvJn7T1/r+84H6CaBLu4=
-9,-6,jR2Cw47S103ObndjFasRrvrB9rQ=,it08vWz/JOISnN8EnFSf6c+nHzE=
-9,-7,jR2Cw47S103ObndjFasRrvrB9rQ=,TngoyYLLo1UjJZ1hyRNyq39aN/k=
-9,-8,jR2Cw47S103ObndjFasRrvrB9rQ=,TFAtlhPRP7z04S52YEeV1zTMUqc=
-9,-25,jR2Cw47S103ObndjFasRrvrB9rQ=,hnyIHIcr1h+e+DAv19ndFnvbG98=
-9,-26,jR2Cw47S103ObndjFasRrvrB9rQ=,eIbse9AI1EbJ79jsOVRdUvf4f8M=
-9,-27,jR2Cw47S103ObndjFasRrvrB9rQ=,kHDYFt7ioMsGVwQGX/i0hVOx7Cs=
-9,-28,jR2Cw47S103ObndjFasRrvrB9rQ=,bXTx4x15ugZ7Gimb1F1LYbbrcjo=
-9,-29,jR2Cw47S103ObndjFasRrvrB9rQ=,14AoV2+gTPpfUCV7lwC8P2rzee4=
-9,-30,jR2Cw47S103ObndjFasRrvrB9rQ=,x3KYkdGU4PKxUYmg8QDvOINzbCQ=
-9,-31,jR2Cw47S103ObndjFasRrvrB9rQ=,QJ4EZNg7zVmpgj5Z9JOH0Qohk24=
-9,-32,jR2Cw47S103ObndjFasRrvrB9rQ=,PPiyhglw9qyEATeVXzwEfmgZo4k=
-9,-17,jR2Cw47S103ObndjFasRrvrB9rQ=,FJPoBkHRmyrA8f7JHmnQ5mR6tSM=
-9,-18,jR2Cw47S103ObndjFasRrvrB9rQ=,oSXZD9xamoqEtxWx0sOSftSh4vk=
-9,-19,jR2Cw47S103ObndjFasRrvrB9rQ=,UZ85CpbhxzH4oRqwHg5xRwXZrcI=
-9,-20,jR2Cw47S103ObndjFasRrvrB9rQ=,nGIl9inIhSksifFap3A9lffC0lI=
-9,-21,jR2Cw47S103ObndjFasRrvrB9rQ=,pJ/iIxkbPT4NVClYnSKolpmndxA=
-9,-22,jR2Cw47S103ObndjFasRrvrB9rQ=,334Id7M2h+dX7d365lS260KWz/I=
-9,-23,jR2Cw47S103ObndjFasRrvrB9rQ=,nm8r5pPVjQncNIY3ERFBz7WGrfg=
-9,-24,jR2Cw47S103ObndjFasRrvrB9rQ=,+UlGhFv98B3jpcqEPsqtaHSYEBM=
-10,-10,jR2Cw47S103ObndjFasRrvrB9rQ=,Tjqux0tXwWZZ92HnowrmTXkmXyc=
-10,-9,jR2Cw47S103ObndjFasRrvrB9rQ=,8JJRmWGEJ93LtkoapW69/zFyYFY=
-10,-12,AdPxMfgcOZSTH8BLTMR9HCGLoSI=,4LmtKoRKiivDpM6H48ZeazJ6QK0=
-10,-11,AdPxMfgcOZSTH8BLTMR9HCGLoSI=,840t33TRZwHMzj7OUVCV9hg0lVg=
-10,-14,AdPxMfgcOZSTH8BLTMR9HCGLoSI=,ktad5gxEQv+rEGFGFstUzdOf3R4=
-10,-13,AdPxMfgcOZSTH8BLTMR9HCGLoSI=,yBdGKjcnbs+nwg3L7RQAXeAodvw=
-10,-16,AdPxMfgcOZSTH8BLTMR9HCGLoSI=,bZ/HEPKhd7IYyIDA5zKQbbyPPhU=
-10,-15,AdPxMfgcOZSTH8BLTMR9HCGLoSI=,RgzfhGmbLUEDnwDC8EuiMomo7IA=
-10,-2,AdPxMfgcOZSTH8BLTMR9HCGLoSI=,wHVREWVA58CzM5cFXUSfo9HVmBc=
-10,-1,AdPxMfgcOZSTH8BLTMR9HCGLoSI=,rrwk27mL64bbXUFpeFTAEcmnEVI=
-10,-4,AdPxMfgcOZSTH8BLTMR9HCGLoSI=,duUrdjPYKcFm+e09YAegocjtlzQ=
-10,-3,AdPxMfgcOZSTH8BLTMR9HCGLoSI=,ldjRaZ7B0ueJK0hvXv0RTHcStUM=
-10,-6,AdPxMfgcOZSTH8BLTMR9HCGLoSI=,n6vunazIXLKsm/4FTvAXggRWiaI=
-10,-5,AdPxMfgcOZSTH8BLTMR9HCGLoSI=,Le8bi/5Wyc+4mkMp6uJ0XMV//TA=
-10,-8,AdPxMfgcOZSTH8BLTMR9HCGLoSI=,WdWjOQHbAXWnJng92qvfWN30JXY=
-10,-7,AdPxMfgcOZSTH8BLTMR9HCGLoSI=,E0iUCL4HSNvvdMuyInCqLFyj6AA=
-10,-26,AdPxMfgcOZSTH8BLTMR9HCGLoSI=,S2kczAl+HfRzjgWeDw9quwsM3so=
-10,-25,AdPxMfgcOZSTH8BLTMR9HCGLoSI=,hnyIHIcr1h+e+DAv19ndFnvbG98=
-10,-28,AdPxMfgcOZSTH8BLTMR9HCGLoSI=,LvmFE8xsYqrvSwsUz7Lpg0h3So8=
-10,-27,AdPxMfgcOZSTH8BLTMR9HCGLoSI=,2nqr8RfpAWIUOEsClDAcRG55HQI=
-10,-30,C1AVWiCfwuktg5EYS0yk/EXQcl4=,pLC6noAn5eKt5XTcR8tEl9G/plE=
-10,-29,C1AVWiCfwuktg5EYS0yk/EXQcl4=,q75+/cP35fUxBF6Qu8LM0py8SMk=
-10,-32,C1AVWiCfwuktg5EYS0yk/EXQcl4=,FGG9dUlWv1cp16uqdvG+VNyPgfE=
-10,-31,C1AVWiCfwuktg5EYS0yk/EXQcl4=,PPiyhglw9qyEATeVXzwEfmgZo4k=
-10,-18,C1AVWiCfwuktg5EYS0yk/EXQcl4=,5u8t5PsqnlL9sNlX1mrnk2Pf900=
-10,-17,C1AVWiCfwuktg5EYS0yk/EXQcl4=,LloXU3UQK2E3Aw/NXdnd+dkgYD0=
-10,-20,C1AVWiCfwuktg5EYS0yk/EXQcl4=,zgCC2e6QY6tLLUHuhoc4YNV4LM0=
-10,-19,C1AVWiCfwuktg5EYS0yk/EXQcl4=,bxYmvPjiqZxa/IvegXXsqe8Ar68=
-10,-22,C1AVWiCfwuktg5EYS0yk/EXQcl4=,fDwKcV3yRNNRMrotrPb0hJJZV1U=
-10,-21,C1AVWiCfwuktg5EYS0yk/EXQcl4=,GK45HzJnEhJinCnIf0oxGu2LUVs=
-10,-24,C1AVWiCfwuktg5EYS0yk/EXQcl4=,8UoovrlFE/MYIF9+rMqssIRHxvk=
-10,-23,C1AVWiCfwuktg5EYS0yk/EXQcl4=,/+cr8gSCNycjW6z9ozfkkjEyamc=
-11,-11,C1AVWiCfwuktg5EYS0yk/EXQcl4=,4xYn1ykNnAHa9FqZxAPyMdy7e7g=
-11,-12,C1AVWiCfwuktg5EYS0yk/EXQcl4=,3vBiJSZ0x8+oBgZ42YSLdbuHfwY=
-11,-9,C1AVWiCfwuktg5EYS0yk/EXQcl4=,GRp3+N1oA4CJe7cI/U0K2vOxL4Y=
-11,-10,C1AVWiCfwuktg5EYS0yk/EXQcl4=,kA63xi6It0DLaEPLYxSl1PMRpiM=
-11,-15,C1AVWiCfwuktg5EYS0yk/EXQcl4=,+63gihiE5LYeF+GX+mjZj+1Zvb4=
-11,-16,C1AVWiCfwuktg5EYS0yk/EXQcl4=,2Fo3PIXefY4rgKAofxt4QZJvQkA=
-11,-13,C1AVWiCfwuktg5EYS0yk/EXQcl4=,L82Y4ZpupnDr4ZxMZBpZuk5e3to=
-11,-14,C1AVWiCfwuktg5EYS0yk/EXQcl4=,RdR1xAHfm74iz0s3EMu7Zllqwyg=
-11,-3,C1AVWiCfwuktg5EYS0yk/EXQcl4=,GIlf12dpVkfFOUd3xPRDCl/3+bY=
-11,-4,C1AVWiCfwuktg5EYS0yk/EXQcl4=,pSVo27C6EdkGdgwZrCnaECuVpZs=
-11,-1,C1AVWiCfwuktg5EYS0yk/EXQcl4=,er4EnP9v5pdBIDyaLWDUp9Kr9Ng=
-11,-2,C1AVWiCfwuktg5EYS0yk/EXQcl4=,3EgAY50boQ6VgV48bMDcGLUZn9w=
-11,-7,C1AVWiCfwuktg5EYS0yk/EXQcl4=,jmMsHs2ZsHccLC3S1YdTvRXh/+s=
-11,-8,C1AVWiCfwuktg5EYS0yk/EXQcl4=,RKe99xbV4lYxydVtGo2YuVcGQ/E=
-11,-5,5wqyQBgWcUHFoqhksEcgFrNwmHE=,gCZ1AO8L1tLLb5+th4sxmY09hLU=
-11,-6,5wqyQBgWcUHFoqhksEcgFrNwmHE=,r5tID9+fa6kgxRMTV7NIJUhmDxk=
-11,-27,5wqyQBgWcUHFoqhksEcgFrNwmHE=,UNUEqMCMKG4N3bNHmA0TyXick1k=
-11,-28,5wqyQBgWcUHFoqhksEcgFrNwmHE=,jROyjnJ1g023ooGVtgEpi5a6axk=
-11,-25,5wqyQBgWcUHFoqhksEcgFrNwmHE=,p7OsoUug8yAz1neP0On2f/StNfE=
-11,-26,5wqyQBgWcUHFoqhksEcgFrNwmHE=,C0AphOpasw5AdPWrOfUQrCddL8Y=
-11,-31,5wqyQBgWcUHFoqhksEcgFrNwmHE=,ihHPjkxLq7Z12aF59nVjT9YhCrk=
-11,-32,5wqyQBgWcUHFoqhksEcgFrNwmHE=,2Uy/yZ5KXlPw4PTvtzvcLLFAAdY=
-11,-29,5wqyQBgWcUHFoqhksEcgFrNwmHE=,jROyjnJ1g023ooGVtgEpi5a6axk=
-11,-30,5wqyQBgWcUHFoqhksEcgFrNwmHE=,QmYhDDic/gwdVsK/zJ0tJEVFpbU=
-11,-19,5wqyQBgWcUHFoqhksEcgFrNwmHE=,6vsjbqI85sS0gMwM0GGrk5eTrng=
-11,-20,5wqyQBgWcUHFoqhksEcgFrNwmHE=,o2x/pHZ8CIVg42OgWiYSwnSKnro=
-11,-17,5wqyQBgWcUHFoqhksEcgFrNwmHE=,R3Syef7eeSJftRMvstT3L9YLXWA=
-11,-18,5wqyQBgWcUHFoqhksEcgFrNwmHE=,KxqQ0kxUtCTvBnSoKCzn9L60JII=
-11,-23,5wqyQBgWcUHFoqhksEcgFrNwmHE=,pmI9jkKM5ubiGfS6quJcXuaM4Zk=
-11,-24,5wqyQBgWcUHFoqhksEcgFrNwmHE=,uPlezC9eLjwbdx7txEbO4Cw694o=
-11,-21,5wqyQBgWcUHFoqhksEcgFrNwmHE=,fvYse70DEBO9SComKLzOxCFJ034=
-11,-22,5wqyQBgWcUHFoqhksEcgFrNwmHE=,Bzl5WU/F4PXjxk3NDdgjIeiDZCo=
-12,-12,5wqyQBgWcUHFoqhksEcgFrNwmHE=,3vBiJSZ0x8+oBgZ42YSLdbuHfwY=
-12,-11,5wqyQBgWcUHFoqhksEcgFrNwmHE=,FGX9zqAWX+4xteNpcacqOJ9Mmfw=
-12,-10,5wqyQBgWcUHFoqhksEcgFrNwmHE=,2/+uwPJ9j3mPeoYC1Vb7ZrP1zy8=
-12,-9,5wqyQBgWcUHFoqhksEcgFrNwmHE=,WyjYyLix7Jrf0Oq9vhlSJcx2wpM=
-12,-16,5wqyQBgWcUHFoqhksEcgFrNwmHE=,T1wRFwQSBSEaGUzjiTS2XEZdOqI=
-12,-15,5wqyQBgWcUHFoqhksEcgFrNwmHE=,9ov+wLKv6Ys6Sz6ztjk/m0oL2eU=
-12,-14,5wqyQBgWcUHFoqhksEcgFrNwmHE=,dWPDpJMo9C2FBqgjTad3mGONbAA=
-12,-13,5wqyQBgWcUHFoqhksEcgFrNwmHE=,lAyymT00fxBWzsbPwATatQGM3JI=
-12,-4,5wqyQBgWcUHFoqhksEcgFrNwmHE=,4gzNttauf1lUUK/ZgdFEdKVBVYs=
-12,-3,5wqyQBgWcUHFoqhksEcgFrNwmHE=,O6p+ZcwM+u9RgTgEvKewU6RxAkM=
-12,-2,5wqyQBgWcUHFoqhksEcgFrNwmHE=,QMSktMSBSw1UJ9HRIn5sIvDoBM4=
-12,-1,5wqyQBgWcUHFoqhksEcgFrNwmHE=,v+0JaFfPPW42KxyGWEppJ816Shs=
-12,-8,5wqyQBgWcUHFoqhksEcgFrNwmHE=,L+hyD52lQN4ByJIlcwIVyWbWPWU=
-12,-7,5wqyQBgWcUHFoqhksEcgFrNwmHE=,8dKJ8QR7gvZlV/CUvnQj7worj9A=
-12,-6,uLCyQ1yx8wm0e7Huxwl/qkwmqRI=,eCeTXBY9d8rF9PPirAuQeArhd44=
-12,-5,uLCyQ1yx8wm0e7Huxwl/qkwmqRI=,eCeTXBY9d8rF9PPirAuQeArhd44=
-12,-28,uLCyQ1yx8wm0e7Huxwl/qkwmqRI=,orrMD1Be+M+/t+9UjJE6JAXlx9g=
-12,-27,uLCyQ1yx8wm0e7Huxwl/qkwmqRI=,orrMD1Be+M+/t+9UjJE6JAXlx9g=
-12,-25,uLCyQ1yx8wm0e7Huxwl/qkwmqRI=,0vglOsZNrWc5NDTffLxOnVYpoLk=
-12,-32,uLCyQ1yx8wm0e7Huxwl/qkwmqRI=,JMXNyoYAEC6jJvzPceAl4B7oZiI=
-12,-31,uLCyQ1yx8wm0e7Huxwl/qkwmqRI=,cgWlcOVpB33Up4WMSh3jAlhu4dk=
-12,-30,uLCyQ1yx8wm0e7Huxwl/qkwmqRI=,8LHlaSU4BjE2AgGbAAGKDdukIGQ=
-12,-29,uLCyQ1yx8wm0e7Huxwl/qkwmqRI=,orrMD1Be+M+/t+9UjJE6JAXlx9g=
-12,-20,uLCyQ1yx8wm0e7Huxwl/qkwmqRI=,K54WSySC6v7TjM2gq2xtn/KpyJA=
-12,-19,uLCyQ1yx8wm0e7Huxwl/qkwmqRI=,Vs9CeZH6Dpv+8a2E2lC5qW7dGz4=
-12,-18,uLCyQ1yx8wm0e7Huxwl/qkwmqRI=,arnXCGo/aKAgNBeB+57xpo/PpBg=
-12,-17,uLCyQ1yx8wm0e7Huxwl/qkwmqRI=,/bDt5va47WELzsSNVbyGer5QwKw=
-12,-24,uLCyQ1yx8wm0e7Huxwl/qkwmqRI=,PbhKFJNt1wJ8hXHR5MhKTrZkr+o=
-12,-23,uLCyQ1yx8wm0e7Huxwl/qkwmqRI=,PbhKFJNt1wJ8hXHR5MhKTrZkr+o=
-12,-22,uLCyQ1yx8wm0e7Huxwl/qkwmqRI=,/bDt5va47WELzsSNVbyGer5QwKw=
-12,-21,uLCyQ1yx8wm0e7Huxwl/qkwmqRI=,qXodNylxmbeXIwVN4Fg2/KRxlbA=
-13,-13,uLCyQ1yx8wm0e7Huxwl/qkwmqRI=,lAyymT00fxBWzsbPwATatQGM3JI=
-13,-14,uLCyQ1yx8wm0e7Huxwl/qkwmqRI=,wZ2MFRrNXVQnm+fCyoPM/k74/wE=
-13,-15,uLCyQ1yx8wm0e7Huxwl/qkwmqRI=,hCZCThn6P3L2FYAZ8Elff+nhAYg=
-13,-16,uLCyQ1yx8wm0e7Huxwl/qkwmqRI=,MH9DIMRCWUV7tpx5yRIz9/52mcs=
-13,-9,uLCyQ1yx8wm0e7Huxwl/qkwmqRI=,gCe8Re0Z3Jeh4gyThsc+/RQRbo4=
-13,-10,uLCyQ1yx8wm0e7Huxwl/qkwmqRI=,Q3M2422yYZfdBE1Art/1JsKicB0=
-13,-11,uLCyQ1yx8wm0e7Huxwl/qkwmqRI=,dlGuW5ewCPOVk7GI75132N+BdnU=
-13,-12,uLCyQ1yx8wm0e7Huxwl/qkwmqRI=,3vBiJSZ0x8+oBgZ42YSLdbuHfwY=
-13,-5,uLCyQ1yx8wm0e7Huxwl/qkwmqRI=,WqmLXjsF+FN0MH44746xsimEcEc=
-13,-6,uLCyQ1yx8wm0e7Huxwl/qkwmqRI=,95LWmhvLdOKyxviNrNbsmUZuh/o=
-13,-7,uLCyQ1yx8wm0e7Huxwl/qkwmqRI=,agMTInFxPOS86fmy4ZErx7UK4gs=
-13,-8,uLCyQ1yx8wm0e7Huxwl/qkwmqRI=,IAAWx++VznHz9vd/hmnQypkwtNc=
-13,-1,ItvTrjS5ZTc99S+qy+CRBWPWvvk=,ErC1MRgzthUKvPw8st5HINszMYE=
-13,-2,ItvTrjS5ZTc99S+qy+CRBWPWvvk=,7wwIxWGFjFe+u7jqql/Ax5qgj28=
-13,-3,ItvTrjS5ZTc99S+qy+CRBWPWvvk=,4ALwHEs3Dib3N08lJFOu0UPby+Q=
-13,-4,ItvTrjS5ZTc99S+qy+CRBWPWvvk=,q9xne6PWprno0vve+FoVborj3UY=
-13,-29,ItvTrjS5ZTc99S+qy+CRBWPWvvk=,2jmj7l5rSw0yVb/vlWAYkK/YBwk=
-13,-30,ItvTrjS5ZTc99S+qy+CRBWPWvvk=,2jmj7l5rSw0yVb/vlWAYkK/YBwk=
-13,-31,ItvTrjS5ZTc99S+qy+CRBWPWvvk=,2jmj7l5rSw0yVb/vlWAYkK/YBwk=
-13,-32,ItvTrjS5ZTc99S+qy+CRBWPWvvk=,2jmj7l5rSw0yVb/vlWAYkK/YBwk=
-13,-25,ItvTrjS5ZTc99S+qy+CRBWPWvvk=,2jmj7l5rSw0yVb/vlWAYkK/YBwk=
-13,-27,ItvTrjS5ZTc99S+qy+CRBWPWvvk=,2jmj7l5rSw0yVb/vlWAYkK/YBwk=
-13,-28,ItvTrjS5ZTc99S+qy+CRBWPWvvk=,2jmj7l5rSw0yVb/vlWAYkK/YBwk=
-13,-21,ItvTrjS5ZTc99S+qy+CRBWPWvvk=,2jmj7l5rSw0yVb/vlWAYkK/YBwk=
-13,-22,ItvTrjS5ZTc99S+qy+CRBWPWvvk=,2jmj7l5rSw0yVb/vlWAYkK/YBwk=
-13,-23,ItvTrjS5ZTc99S+qy+CRBWPWvvk=,2jmj7l5rSw0yVb/vlWAYkK/YBwk=
-13,-24,ItvTrjS5ZTc99S+qy+CRBWPWvvk=,2jmj7l5rSw0yVb/vlWAYkK/YBwk=
-13,-17,ItvTrjS5ZTc99S+qy+CRBWPWvvk=,2jmj7l5rSw0yVb/vlWAYkK/YBwk=
-13,-18,ItvTrjS5ZTc99S+qy+CRBWPWvvk=,2jmj7l5rSw0yVb/vlWAYkK/YBwk=
-13,-19,ItvTrjS5ZTc99S+qy+CRBWPWvvk=,2jmj7l5rSw0yVb/vlWAYkK/YBwk=
-14,-14,ItvTrjS5ZTc99S+qy+CRBWPWvvk=,TOVIlrWZ9nGU9pqxPdXAviovqYY=
-14,-13,ItvTrjS5ZTc99S+qy+CRBWPWvvk=,rKTOEYzNEr5y/CIGCvv7rojAeeU=
-14,-16,ItvTrjS5ZTc99S+qy+CRBWPWvvk=,ot6kCCOUfnT46of8+v7gG8CjxZo=
-14,-15,ItvTrjS5ZTc99S+qy+CRBWPWvvk=,XRjoS3JYdiDZYkak2mkinCetZYw=
-14,-10,ItvTrjS5ZTc99S+qy+CRBWPWvvk=,IZxfTHJM16LyelEda2Zp6YewC5E=
-14,-9,ItvTrjS5ZTc99S+qy+CRBWPWvvk=,yWE8Kv/KlUCQnXPv59LHKCEX/Rg=
-14,-12,ItvTrjS5ZTc99S+qy+CRBWPWvvk=,bXQHnEASeMv3I8gFj5e7leqFugo=
-14,-11,ItvTrjS5ZTc99S+qy+CRBWPWvvk=,DH9dXLIU2YRaPSRX3gS9gG40rrQ=
-14,-6,ItvTrjS5ZTc99S+qy+CRBWPWvvk=,cTYU+oeSeclsIwqlWq6VhffsRzQ=
-14,-5,ItvTrjS5ZTc99S+qy+CRBWPWvvk=,fOY2/9f77+TzZQ7YTXk2xG5ymtk=
-14,-8,ItvTrjS5ZTc99S+qy+CRBWPWvvk=,ywoYKCo9cxLaUp4kG438mXl0NR4=
-14,-7,ItvTrjS5ZTc99S+qy+CRBWPWvvk=,eVrjoImkNy641sGUWy5YRBOgri8=
-14,-2,vLkdfvRl9gA7aAQRfZhIZtPUoJI=,XK3JHlP1orW8vkEbuRHARR31MRM=
-14,-1,vLkdfvRl9gA7aAQRfZhIZtPUoJI=,9IdITJ8hjkF8gku8zhjiAzjS/B4=
-14,-4,vLkdfvRl9gA7aAQRfZhIZtPUoJI=,ywrYW+wyO40jnni/rc1+eknqeH8=
-14,-3,vLkdfvRl9gA7aAQRfZhIZtPUoJI=,5ubqc/x32Yql4ezEzXkCDgwNgZw=
-14,-30,vLkdfvRl9gA7aAQRfZhIZtPUoJI=,2jmj7l5rSw0yVb/vlWAYkK/YBwk=
-14,-29,vLkdfvRl9gA7aAQRfZhIZtPUoJI=,2jmj7l5rSw0yVb/vlWAYkK/YBwk=
-14,-31,vLkdfvRl9gA7aAQRfZhIZtPUoJI=,2jmj7l5rSw0yVb/vlWAYkK/YBwk=
-14,-26,vLkdfvRl9gA7aAQRfZhIZtPUoJI=,2jmj7l5rSw0yVb/vlWAYkK/YBwk=
-14,-25,vLkdfvRl9gA7aAQRfZhIZtPUoJI=,2jmj7l5rSw0yVb/vlWAYkK/YBwk=
-14,-28,vLkdfvRl9gA7aAQRfZhIZtPUoJI=,2jmj7l5rSw0yVb/vlWAYkK/YBwk=
-14,-27,vLkdfvRl9gA7aAQRfZhIZtPUoJI=,2jmj7l5rSw0yVb/vlWAYkK/YBwk=
-14,-22,vLkdfvRl9gA7aAQRfZhIZtPUoJI=,2jmj7l5rSw0yVb/vlWAYkK/YBwk=
-14,-21,vLkdfvRl9gA7aAQRfZhIZtPUoJI=,2jmj7l5rSw0yVb/vlWAYkK/YBwk=
-14,-24,vLkdfvRl9gA7aAQRfZhIZtPUoJI=,2jmj7l5rSw0yVb/vlWAYkK/YBwk=
-14,-23,vLkdfvRl9gA7aAQRfZhIZtPUoJI=,2jmj7l5rSw0yVb/vlWAYkK/YBwk=
-14,-18,vLkdfvRl9gA7aAQRfZhIZtPUoJI=,2jmj7l5rSw0yVb/vlWAYkK/YBwk=
-14,-17,vLkdfvRl9gA7aAQRfZhIZtPUoJI=,2jmj7l5rSw0yVb/vlWAYkK/YBwk=
-14,-20,vLkdfvRl9gA7aAQRfZhIZtPUoJI=,2jmj7l5rSw0yVb/vlWAYkK/YBwk=
-14,-19,vLkdfvRl9gA7aAQRfZhIZtPUoJI=,2jmj7l5rSw0yVb/vlWAYkK/YBwk=
-15,-15,vLkdfvRl9gA7aAQRfZhIZtPUoJI=,ot6kCCOUfnT46of8+v7gG8CjxZo=
-15,-13,vLkdfvRl9gA7aAQRfZhIZtPUoJI=,zyjwWJ9zA8hWdxgViG8od/oL3Sg=
-15,-14,vLkdfvRl9gA7aAQRfZhIZtPUoJI=,3/ZzsvlpHZMOP/QYuYzBse3WqMU=
-15,-11,vLkdfvRl9gA7aAQRfZhIZtPUoJI=,enijHDnt9yZLT/ildM885Z1sk6Y=
-15,-12,vLkdfvRl9gA7aAQRfZhIZtPUoJI=,DxzlDzlbwmfR8/e9mOt3vBncF/o=
-15,-9,vLkdfvRl9gA7aAQRfZhIZtPUoJI=,SqTAJwslxPk+vGoU906XSra1y4o=
-15,-10,vLkdfvRl9gA7aAQRfZhIZtPUoJI=,OAh7rEYn4jtv7S0gr3hEEOHWoZA=
-15,-7,vLkdfvRl9gA7aAQRfZhIZtPUoJI=,9RCH4nDpHFy3io/IpzpoKQk33bw=
-15,-8,vLkdfvRl9gA7aAQRfZhIZtPUoJI=,zInJopbwUJzGvtcOAfwWrPfjMXs=
-15,-5,ijifsGBb/FQ8Vw+CD5FerfyTdSc=,6PPr2OtISaixqt75Pva7lBrPZx8=
-15,-6,ijifsGBb/FQ8Vw+CD5FerfyTdSc=,5NkrKdv7T21DienmhGQw35yvSEE=
-15,-3,ijifsGBb/FQ8Vw+CD5FerfyTdSc=,ALbJeCYBPWKVHNDSJu1ivndvk6w=
-15,-4,ijifsGBb/FQ8Vw+CD5FerfyTdSc=,W8GEs6oiOU16FgIgtno5H+iapbY=
-15,-1,ijifsGBb/FQ8Vw+CD5FerfyTdSc=,ar9+1NCh2M6d7dXp4FkE5RTsfqM=
-15,-2,ijifsGBb/FQ8Vw+CD5FerfyTdSc=,C9iq2PCkjjkpP01rowA02rSPdAs=
-15,-32,ijifsGBb/FQ8Vw+CD5FerfyTdSc=,2jmj7l5rSw0yVb/vlWAYkK/YBwk=
-15,-29,ijifsGBb/FQ8Vw+CD5FerfyTdSc=,2jmj7l5rSw0yVb/vlWAYkK/YBwk=
-15,-30,ijifsGBb/FQ8Vw+CD5FerfyTdSc=,2jmj7l5rSw0yVb/vlWAYkK/YBwk=
-15,-27,ijifsGBb/FQ8Vw+CD5FerfyTdSc=,2jmj7l5rSw0yVb/vlWAYkK/YBwk=
-15,-28,ijifsGBb/FQ8Vw+CD5FerfyTdSc=,2jmj7l5rSw0yVb/vlWAYkK/YBwk=
-15,-25,ijifsGBb/FQ8Vw+CD5FerfyTdSc=,2jmj7l5rSw0yVb/vlWAYkK/YBwk=
-15,-23,ijifsGBb/FQ8Vw+CD5FerfyTdSc=,2jmj7l5rSw0yVb/vlWAYkK/YBwk=
-15,-24,ijifsGBb/FQ8Vw+CD5FerfyTdSc=,2jmj7l5rSw0yVb/vlWAYkK/YBwk=
-15,-21,ijifsGBb/FQ8Vw+CD5FerfyTdSc=,2jmj7l5rSw0yVb/vlWAYkK/YBwk=
-15,-22,ijifsGBb/FQ8Vw+CD5FerfyTdSc=,2jmj7l5rSw0yVb/vlWAYkK/YBwk=
-15,-20,ijifsGBb/FQ8Vw+CD5FerfyTdSc=,2jmj7l5rSw0yVb/vlWAYkK/YBwk=
-15,-18,ijifsGBb/FQ8Vw+CD5FerfyTdSc=,2jmj7l5rSw0yVb/vlWAYkK/YBwk=
-16,-16,ijifsGBb/FQ8Vw+CD5FerfyTdSc=,2jmj7l5rSw0yVb/vlWAYkK/YBwk=
-16,-15,ijifsGBb/FQ8Vw+CD5FerfyTdSc=,2jmj7l5rSw0yVb/vlWAYkK/YBwk=
-16,-14,ijifsGBb/FQ8Vw+CD5FerfyTdSc=,ot6kCCOUfnT46of8+v7gG8CjxZo=
-16,-13,ijifsGBb/FQ8Vw+CD5FerfyTdSc=,3/ZzsvlpHZMOP/QYuYzBse3WqMU=
-16,-12,ijifsGBb/FQ8Vw+CD5FerfyTdSc=,PeR3pBAJP2hzpbGhTvINzpFsVrk=
-16,-11,ijifsGBb/FQ8Vw+CD5FerfyTdSc=,9CNDj3y/hrY2K1GrELgRMA9BxIg=
-16,-10,ijifsGBb/FQ8Vw+CD5FerfyTdSc=,QHt9NXa291dkkuWmjCVVV35zcF8=
-16,-9,ijifsGBb/FQ8Vw+CD5FerfyTdSc=,XSzYztJeXCQgViF4z3YvyT+p/3s=
-16,-8,ijifsGBb/FQ8Vw+CD5FerfyTdSc=,p2FmGTABoG6k68N4t7+IBBiIn/A=
-16,-7,ijifsGBb/FQ8Vw+CD5FerfyTdSc=,4tN/Y2lFtG9XzurHzQo9RjNxKVY=
-16,-6,ijifsGBb/FQ8Vw+CD5FerfyTdSc=,u6oLxslrc8o9VW8zi/otd+iNu0E=
-16,-5,5N5C/kZOIeuTJPE0UMVRg0pURLE=,79oIa3IeAY8l5tSHPiNij/vRuxM=
-16,-4,5N5C/kZOIeuTJPE0UMVRg0pURLE=,yxT5qJzaI6Y8DJ3yAqrnBCl5uWM=
-16,-3,5N5C/kZOIeuTJPE0UMVRg0pURLE=,3TlOLZbTKlbB2pOy4UXw4QrW/ds=
-16,-2,5N5C/kZOIeuTJPE0UMVRg0pURLE=,KcB4Z2DzAelX0S9rw2l7D7UNeso=
-16,-1,5N5C/kZOIeuTJPE0UMVRg0pURLE=,mertfQDq/xMGAZXHoQJKnbKmjZU=
-16,-32,5N5C/kZOIeuTJPE0UMVRg0pURLE=,2jmj7l5rSw0yVb/vlWAYkK/YBwk=
-16,-31,5N5C/kZOIeuTJPE0UMVRg0pURLE=,2jmj7l5rSw0yVb/vlWAYkK/YBwk=
-16,-30,5N5C/kZOIeuTJPE0UMVRg0pURLE=,2jmj7l5rSw0yVb/vlWAYkK/YBwk=
-16,-29,5N5C/kZOIeuTJPE0UMVRg0pURLE=,2jmj7l5rSw0yVb/vlWAYkK/YBwk=
-16,-28,5N5C/kZOIeuTJPE0UMVRg0pURLE=,2jmj7l5rSw0yVb/vlWAYkK/YBwk=
-16,-27,5N5C/kZOIeuTJPE0UMVRg0pURLE=,2jmj7l5rSw0yVb/vlWAYkK/YBwk=
-16,-26,5N5C/kZOIeuTJPE0UMVRg0pURLE=,2jmj7l5rSw0yVb/vlWAYkK/YBwk=
-16,-25,5N5C/kZOIeuTJPE0UMVRg0pURLE=,2jmj7l5rSw0yVb/vlWAYkK/YBwk=
-16,-24,5N5C/kZOIeuTJPE0UMVRg0pURLE=,2jmj7l5rSw0yVb/vlWAYkK/YBwk=
-16,-23,5N5C/kZOIeuTJPE0UMVRg0pURLE=,2jmj7l5rSw0yVb/vlWAYkK/YBwk=
-16,-22,5N5C/kZOIeuTJPE0UMVRg0pURLE=,2jmj7l5rSw0yVb/vlWAYkK/YBwk=
-16,-21,5N5C/kZOIeuTJPE0UMVRg0pURLE=,2jmj7l5rSw0yVb/vlWAYkK/YBwk=
-16,-19,5N5C/kZOIeuTJPE0UMVRg0pURLE=,2jmj7l5rSw0yVb/vlWAYkK/YBwk=
-17,-19,5N5C/kZOIeuTJPE0UMVRg0pURLE=,2jmj7l5rSw0yVb/vlWAYkK/YBwk=
-17,-20,5N5C/kZOIeuTJPE0UMVRg0pURLE=,2jmj7l5rSw0yVb/vlWAYkK/YBwk=
-17,-21,5N5C/kZOIeuTJPE0UMVRg0pURLE=,2jmj7l5rSw0yVb/vlWAYkK/YBwk=
-17,-22,5N5C/kZOIeuTJPE0UMVRg0pURLE=,2jmj7l5rSw0yVb/vlWAYkK/YBwk=
-17,-23,5N5C/kZOIeuTJPE0UMVRg0pURLE=,2jmj7l5rSw0yVb/vlWAYkK/YBwk=
-17,-24,5N5C/kZOIeuTJPE0UMVRg0pURLE=,2jmj7l5rSw0yVb/vlWAYkK/YBwk=
-17,-25,5N5C/kZOIeuTJPE0UMVRg0pURLE=,2jmj7l5rSw0yVb/vlWAYkK/YBwk=
-17,-26,5N5C/kZOIeuTJPE0UMVRg0pURLE=,2jmj7l5rSw0yVb/vlWAYkK/YBwk=
-17,-27,5N5C/kZOIeuTJPE0UMVRg0pURLE=,2jmj7l5rSw0yVb/vlWAYkK/YBwk=
-17,-28,5N5C/kZOIeuTJPE0UMVRg0pURLE=,2jmj7l5rSw0yVb/vlWAYkK/YBwk=
-17,-29,5N5C/kZOIeuTJPE0UMVRg0pURLE=,2jmj7l5rSw0yVb/vlWAYkK/YBwk=
-17,-30,5N5C/kZOIeuTJPE0UMVRg0pURLE=,2jmj7l5rSw0yVb/vlWAYkK/YBwk=
-17,-31,5N5C/kZOIeuTJPE0UMVRg0pURLE=,2jmj7l5rSw0yVb/vlWAYkK/YBwk=
-17,-32,5N5C/kZOIeuTJPE0UMVRg0pURLE=,2jmj7l5rSw0yVb/vlWAYkK/YBwk=
-17,-1,5N5C/kZOIeuTJPE0UMVRg0pURLE=,TFPfTlHd/908QZJ1bNGqxVbcefY=
-17,-2,5N5C/kZOIeuTJPE0UMVRg0pURLE=,ENbPnOMeUH4GlNnq3mvPgIOt7Ug=
-17,-3,5N5C/kZOIeuTJPE0UMVRg0pURLE=,FtNvvmblAY1WM5ab28cz2/3QD0U=
-17,-4,8xzpxVepfac3YSwZQDza+8D2iRE=,dc545+MaQiN9eK0auDgBjle228o=
-17,-5,8xzpxVepfac3YSwZQDza+8D2iRE=,ShdXtgkFFv+8nmvoYCzyuV6b+QE=
-17,-6,8xzpxVepfac3YSwZQDza+8D2iRE=,B1VcxCuHM2Fh7OYnkN7FbQf8iUs=
-17,-7,8xzpxVepfac3YSwZQDza+8D2iRE=,t4/RJqEDip5aE1WeJrmA0xtehas=
-17,-8,8xzpxVepfac3YSwZQDza+8D2iRE=,yBxErujFyY5WgOVdrZeY130ozzs=
-17,-9,8xzpxVepfac3YSwZQDza+8D2iRE=,H0XzmIyyfP/cZHEWs9OniGJqdlc=
-17,-10,8xzpxVepfac3YSwZQDza+8D2iRE=,fjPTQMKpiJMdPSbTR3TunmAMiDM=
-17,-11,8xzpxVepfac3YSwZQDza+8D2iRE=,stt/qq/L+CKJlhrgCUTg8er9SHs=
-17,-12,8xzpxVepfac3YSwZQDza+8D2iRE=,N9oQFZTyo/47+O69yeDnaE/iEoE=
-17,-13,8xzpxVepfac3YSwZQDza+8D2iRE=,X09zhDIaRHhTBZACZUTC71JiXLI=
-17,-14,8xzpxVepfac3YSwZQDza+8D2iRE=,2jmj7l5rSw0yVb/vlWAYkK/YBwk=
-17,-15,8xzpxVepfac3YSwZQDza+8D2iRE=,2jmj7l5rSw0yVb/vlWAYkK/YBwk=
-18,-18,8xzpxVepfac3YSwZQDza+8D2iRE=,2jmj7l5rSw0yVb/vlWAYkK/YBwk=
-18,-20,8xzpxVepfac3YSwZQDza+8D2iRE=,2jmj7l5rSw0yVb/vlWAYkK/YBwk=
-18,-22,8xzpxVepfac3YSwZQDza+8D2iRE=,2jmj7l5rSw0yVb/vlWAYkK/YBwk=
-18,-21,8xzpxVepfac3YSwZQDza+8D2iRE=,2jmj7l5rSw0yVb/vlWAYkK/YBwk=
-18,-24,8xzpxVepfac3YSwZQDza+8D2iRE=,2jmj7l5rSw0yVb/vlWAYkK/YBwk=
-18,-23,8xzpxVepfac3YSwZQDza+8D2iRE=,2jmj7l5rSw0yVb/vlWAYkK/YBwk=
-18,-26,8xzpxVepfac3YSwZQDza+8D2iRE=,2jmj7l5rSw0yVb/vlWAYkK/YBwk=
-18,-25,8xzpxVepfac3YSwZQDza+8D2iRE=,2jmj7l5rSw0yVb/vlWAYkK/YBwk=
-18,-28,8xzpxVepfac3YSwZQDza+8D2iRE=,2jmj7l5rSw0yVb/vlWAYkK/YBwk=
-18,-27,8xzpxVepfac3YSwZQDza+8D2iRE=,2jmj7l5rSw0yVb/vlWAYkK/YBwk=
-18,-30,8xzpxVepfac3YSwZQDza+8D2iRE=,2jmj7l5rSw0yVb/vlWAYkK/YBwk=
-18,-29,8xzpxVepfac3YSwZQDza+8D2iRE=,2jmj7l5rSw0yVb/vlWAYkK/YBwk=
-18,-32,8xzpxVepfac3YSwZQDza+8D2iRE=,2jmj7l5rSw0yVb/vlWAYkK/YBwk=
-18,-31,8xzpxVepfac3YSwZQDza+8D2iRE=,2jmj7l5rSw0yVb/vlWAYkK/YBwk=
-18,-2,8xzpxVepfac3YSwZQDza+8D2iRE=,fIzkEO99NT71/Mjor5f/NTxOhX0=
-18,-1,8xzpxVepfac3YSwZQDza+8D2iRE=,1WjzNUFN8mDShfgUX3Au3lTL8mY=
-18,-4,8xzpxVepfac3YSwZQDza+8D2iRE=,vRqynKncUDm42ngP+zNwjnks3TI=
-18,-3,8xzpxVepfac3YSwZQDza+8D2iRE=,/JWI1iULbvuvtsMANsIhp8suqAw=
-18,-6,8xzpxVepfac3YSwZQDza+8D2iRE=,Ry98FUJJLTB9GIiG2/9KfHUOk/M=
-18,-5,8xzpxVepfac3YSwZQDza+8D2iRE=,W9aNrg6AOT3ltKpeBPbhEXuyp6w=
-18,-8,8xzpxVepfac3YSwZQDza+8D2iRE=,TXeyPmXNm/+lUUhbwRpeEfk71No=
-18,-7,8xzpxVepfac3YSwZQDza+8D2iRE=,ygITLbOtMSyj+j/5jNMxdJTFzDo=
-18,-10,8xzpxVepfac3YSwZQDza+8D2iRE=,fvwYKzKn/6zZ//dkbKjlRHU09V8=
-18,-9,8xzpxVepfac3YSwZQDza+8D2iRE=,FB+O57+4mwk5fAk37n1SghF4PH0=
-19,-19,8xzpxVepfac3YSwZQDza+8D2iRE=,2jmj7l5rSw0yVb/vlWAYkK/YBwk=
-19,-22,8xzpxVepfac3YSwZQDza+8D2iRE=,2jmj7l5rSw0yVb/vlWAYkK/YBwk=
-19,-27,tDwrwEJJq1ZQEyi8WXQpCz3wxUQ=,2jmj7l5rSw0yVb/vlWAYkK/YBwk=
-19,-28,tDwrwEJJq1ZQEyi8WXQpCz3wxUQ=,2jmj7l5rSw0yVb/vlWAYkK/YBwk=
-19,-25,tDwrwEJJq1ZQEyi8WXQpCz3wxUQ=,2jmj7l5rSw0yVb/vlWAYkK/YBwk=
-19,-26,tDwrwEJJq1ZQEyi8WXQpCz3wxUQ=,2jmj7l5rSw0yVb/vlWAYkK/YBwk=
-19,-32,tDwrwEJJq1ZQEyi8WXQpCz3wxUQ=,2jmj7l5rSw0yVb/vlWAYkK/YBwk=
-19,-29,tDwrwEJJq1ZQEyi8WXQpCz3wxUQ=,2jmj7l5rSw0yVb/vlWAYkK/YBwk=
-19,-30,tDwrwEJJq1ZQEyi8WXQpCz3wxUQ=,2jmj7l5rSw0yVb/vlWAYkK/YBwk=
-19,-3,tDwrwEJJq1ZQEyi8WXQpCz3wxUQ=,rWUwDRkK9fS40nj29+PaGCBtcn8=
-19,-4,tDwrwEJJq1ZQEyi8WXQpCz3wxUQ=,+6sLBh2Jxphc9EQEXwPaiGAVznI=
-19,-1,tDwrwEJJq1ZQEyi8WXQpCz3wxUQ=,3MjGZr9JFmSduYpnbua+8EvTD40=
-19,-2,tDwrwEJJq1ZQEyi8WXQpCz3wxUQ=,ABq9mk24Ow0BKmF3g6DIQBcbFI0=
-19,-8,tDwrwEJJq1ZQEyi8WXQpCz3wxUQ=,v91/Db0YxYn2k9Ir2Mv8wWBOaK8=
-19,-5,tDwrwEJJq1ZQEyi8WXQpCz3wxUQ=,MsLporPAFfmX0SF7aiNtp+UvbZA=
-19,-6,tDwrwEJJq1ZQEyi8WXQpCz3wxUQ=,0+P4Idv5HJ5oFTUoW4OelcAaFvY=
-19,-9,tDwrwEJJq1ZQEyi8WXQpCz3wxUQ=,1N2aYdXe86T1H1NiwafATrXqlYE=
-19,-10,tDwrwEJJq1ZQEyi8WXQpCz3wxUQ=,8HzuTR9HiREE8zvG+LJ+SB6zs9Y=
-19,-16,tDwrwEJJq1ZQEyi8WXQpCz3wxUQ=,2jmj7l5rSw0yVb/vlWAYkK/YBwk=
-19,-13,tDwrwEJJq1ZQEyi8WXQpCz3wxUQ=,2jmj7l5rSw0yVb/vlWAYkK/YBwk=
-20,-28,tDwrwEJJq1ZQEyi8WXQpCz3wxUQ=,2jmj7l5rSw0yVb/vlWAYkK/YBwk=
-20,-27,tDwrwEJJq1ZQEyi8WXQpCz3wxUQ=,2jmj7l5rSw0yVb/vlWAYkK/YBwk=
-20,-25,tDwrwEJJq1ZQEyi8WXQpCz3wxUQ=,2jmj7l5rSw0yVb/vlWAYkK/YBwk=
-20,-32,tDwrwEJJq1ZQEyi8WXQpCz3wxUQ=,2jmj7l5rSw0yVb/vlWAYkK/YBwk=
-20,-31,tDwrwEJJq1ZQEyi8WXQpCz3wxUQ=,2jmj7l5rSw0yVb/vlWAYkK/YBwk=
-20,-30,tDwrwEJJq1ZQEyi8WXQpCz3wxUQ=,2jmj7l5rSw0yVb/vlWAYkK/YBwk=
-20,-29,tDwrwEJJq1ZQEyi8WXQpCz3wxUQ=,2jmj7l5rSw0yVb/vlWAYkK/YBwk=
-20,-8,tDwrwEJJq1ZQEyi8WXQpCz3wxUQ=,cnoTody+b3yp057Gi1se0xquMJg=
-20,-6,tDwrwEJJq1ZQEyi8WXQpCz3wxUQ=,ZFiHdYWz8B8yPWhZVfGjjBMfvUQ=
-20,-5,tDwrwEJJq1ZQEyi8WXQpCz3wxUQ=,479+UoAAylIwDrWH6bZVNtAXmKU=
-20,-11,tDwrwEJJq1ZQEyi8WXQpCz3wxUQ=,VQCCiL2G7asqvfxPKH24LCMZlWk=
-20,-10,Vq3AHJvcrVDAd0fiue6e0wAQwmM=,SHDkd1snTqBMBl9HPv3QWO45a7g=
-20,-9,Vq3AHJvcrVDAd0fiue6e0wAQwmM=,YlHub1ptSyrvItarYgE4KL6Y11g=
-21,-29,Vq3AHJvcrVDAd0fiue6e0wAQwmM=,2jmj7l5rSw0yVb/vlWAYkK/YBwk=
-21,-30,Vq3AHJvcrVDAd0fiue6e0wAQwmM=,2jmj7l5rSw0yVb/vlWAYkK/YBwk=
-21,-32,Vq3AHJvcrVDAd0fiue6e0wAQwmM=,2jmj7l5rSw0yVb/vlWAYkK/YBwk=
-21,-25,Vq3AHJvcrVDAd0fiue6e0wAQwmM=,2jmj7l5rSw0yVb/vlWAYkK/YBwk=
-21,-26,Vq3AHJvcrVDAd0fiue6e0wAQwmM=,2jmj7l5rSw0yVb/vlWAYkK/YBwk=
-21,-28,Vq3AHJvcrVDAd0fiue6e0wAQwmM=,2jmj7l5rSw0yVb/vlWAYkK/YBwk=
-21,-5,Vq3AHJvcrVDAd0fiue6e0wAQwmM=,xcphrFszE3MnSEhmwOmHBDEGKFs=
-21,-6,Vq3AHJvcrVDAd0fiue6e0wAQwmM=,eejP6honcQZH8MP1NIPglWxVFtM=
-21,-7,Vq3AHJvcrVDAd0fiue6e0wAQwmM=,XI8ZnJQcVkO0llIuxu3FEPkbm1w=
-21,-8,Vq3AHJvcrVDAd0fiue6e0wAQwmM=,c7KewTcLOyl636Qsa5HyjJuhkJ4=
-21,-9,Vq3AHJvcrVDAd0fiue6e0wAQwmM=,LFv4J7+H3JbOJ9hFZNnbeCY4vSE=
-21,-10,Vq3AHJvcrVDAd0fiue6e0wAQwmM=,xjoFHGyAnjTWgparPisvTIQ4Z54=
-21,-11,Vq3AHJvcrVDAd0fiue6e0wAQwmM=,SkJR3AGMAhxB7SVtCwgQuyPG1lw=
-22,-22,Vq3AHJvcrVDAd0fiue6e0wAQwmM=,2jmj7l5rSw0yVb/vlWAYkK/YBwk=
-22,-19,Vq3AHJvcrVDAd0fiue6e0wAQwmM=,2jmj7l5rSw0yVb/vlWAYkK/YBwk=
-22,-30,Vq3AHJvcrVDAd0fiue6e0wAQwmM=,2jmj7l5rSw0yVb/vlWAYkK/YBwk=
-22,-29,Vq3AHJvcrVDAd0fiue6e0wAQwmM=,2jmj7l5rSw0yVb/vlWAYkK/YBwk=
-22,-32,Vq3AHJvcrVDAd0fiue6e0wAQwmM=,2jmj7l5rSw0yVb/vlWAYkK/YBwk=
-22,-31,Vq3AHJvcrVDAd0fiue6e0wAQwmM=,2jmj7l5rSw0yVb/vlWAYkK/YBwk=
-22,-25,f4K/jYfNgD5XNSr526i8CL4Wjtc=,2jmj7l5rSw0yVb/vlWAYkK/YBwk=
-22,-28,f4K/jYfNgD5XNSr526i8CL4Wjtc=,2jmj7l5rSw0yVb/vlWAYkK/YBwk=
-22,-27,f4K/jYfNgD5XNSr526i8CL4Wjtc=,2jmj7l5rSw0yVb/vlWAYkK/YBwk=
-22,-6,f4K/jYfNgD5XNSr526i8CL4Wjtc=,JmzK/0oeUFlH90dFt/hv2OjgcgI=
-22,-5,f4K/jYfNgD5XNSr526i8CL4Wjtc=,xcphrFszE3MnSEhmwOmHBDEGKFs=
-22,-8,f4K/jYfNgD5XNSr526i8CL4Wjtc=,YQFdyk9dPuvssOCnqr7/du9skd0=
-22,-7,f4K/jYfNgD5XNSr526i8CL4Wjtc=,E4J86OJbnj6NviyY9L/8KhU1mNY=
-22,-4,f4K/jYfNgD5XNSr526i8CL4Wjtc=,rstJqfU2D7j7kj0/lWd3vfUDtvE=
-22,-13,f4K/jYfNgD5XNSr526i8CL4Wjtc=,2jmj7l5rSw0yVb/vlWAYkK/YBwk=
-22,-16,f4K/jYfNgD5XNSr526i8CL4Wjtc=,2jmj7l5rSw0yVb/vlWAYkK/YBwk=
-22,-10,f4K/jYfNgD5XNSr526i8CL4Wjtc=,XcBvCnSlJ+d/LUP9qEzmCr5D0n4=
-22,-9,f4K/jYfNgD5XNSr526i8CL4Wjtc=,1iXR0uJSCsqujfAhw7U+r4aLjTs=
-22,-11,f4K/jYfNgD5XNSr526i8CL4Wjtc=,SkJR3AGMAhxB7SVtCwgQuyPG1lw=
-23,-31,f4K/jYfNgD5XNSr526i8CL4Wjtc=,2jmj7l5rSw0yVb/vlWAYkK/YBwk=
-23,-32,f4K/jYfNgD5XNSr526i8CL4Wjtc=,2jmj7l5rSw0yVb/vlWAYkK/YBwk=
-23,-29,f4K/jYfNgD5XNSr526i8CL4Wjtc=,2jmj7l5rSw0yVb/vlWAYkK/YBwk=
-23,-30,f4K/jYfNgD5XNSr526i8CL4Wjtc=,2jmj7l5rSw0yVb/vlWAYkK/YBwk=
-23,-27,f4K/jYfNgD5XNSr526i8CL4Wjtc=,2jmj7l5rSw0yVb/vlWAYkK/YBwk=
-23,-28,f4K/jYfNgD5XNSr526i8CL4Wjtc=,2jmj7l5rSw0yVb/vlWAYkK/YBwk=
-23,-26,f4K/jYfNgD5XNSr526i8CL4Wjtc=,2jmj7l5rSw0yVb/vlWAYkK/YBwk=
-23,-7,f4K/jYfNgD5XNSr526i8CL4Wjtc=,U50nHARTdrLBLSqiKp+WYQCw2tA=
-23,-8,f4K/jYfNgD5XNSr526i8CL4Wjtc=,vv5N5eyIYgQepzWn3W10GmgRY3o=
-23,-5,f4K/jYfNgD5XNSr526i8CL4Wjtc=,IUhG2CCh1dz1jvMQUF+K18ZyeNs=
-23,-6,f4K/jYfNgD5XNSr526i8CL4Wjtc=,B/5vPeilUSKEXTM/FkCPRWPzbUM=
-23,-11,f4K/jYfNgD5XNSr526i8CL4Wjtc=,Ems7gTNoi0BMqQ1PY9zkp6TR8RE=
-23,-9,f4K/jYfNgD5XNSr526i8CL4Wjtc=,F7b8WgSeXCgNjXpLbhNPFs+EADk=
-23,-10,f4K/jYfNgD5XNSr526i8CL4Wjtc=,s+iepnK3EKPvFg2jNHeLaWfsLmo=
-24,-32,iE3wbRRO/1yE6Ji1R2KANgoYGG4=,2jmj7l5rSw0yVb/vlWAYkK/YBwk=
-24,-31,iE3wbRRO/1yE6Ji1R2KANgoYGG4=,2jmj7l5rSw0yVb/vlWAYkK/YBwk=
-24,-30,iE3wbRRO/1yE6Ji1R2KANgoYGG4=,2jmj7l5rSw0yVb/vlWAYkK/YBwk=
-24,-29,iE3wbRRO/1yE6Ji1R2KANgoYGG4=,2jmj7l5rSw0yVb/vlWAYkK/YBwk=
-24,-28,iE3wbRRO/1yE6Ji1R2KANgoYGG4=,2jmj7l5rSw0yVb/vlWAYkK/YBwk=
-24,-27,iE3wbRRO/1yE6Ji1R2KANgoYGG4=,2jmj7l5rSw0yVb/vlWAYkK/YBwk=
-24,-26,iE3wbRRO/1yE6Ji1R2KANgoYGG4=,2jmj7l5rSw0yVb/vlWAYkK/YBwk=
-25,-25,iE3wbRRO/1yE6Ji1R2KANgoYGG4=,2jmj7l5rSw0yVb/vlWAYkK/YBwk=
-25,-26,iE3wbRRO/1yE6Ji1R2KANgoYGG4=,2jmj7l5rSw0yVb/vlWAYkK/YBwk=
-25,-27,iE3wbRRO/1yE6Ji1R2KANgoYGG4=,2jmj7l5rSw0yVb/vlWAYkK/YBwk=
-25,-28,iE3wbRRO/1yE6Ji1R2KANgoYGG4=,2jmj7l5rSw0yVb/vlWAYkK/YBwk=
-25,-29,iE3wbRRO/1yE6Ji1R2KANgoYGG4=,2jmj7l5rSw0yVb/vlWAYkK/YBwk=
-25,-30,iE3wbRRO/1yE6Ji1R2KANgoYGG4=,2jmj7l5rSw0yVb/vlWAYkK/YBwk=
-25,-31,iE3wbRRO/1yE6Ji1R2KANgoYGG4=,2jmj7l5rSw0yVb/vlWAYkK/YBwk=
-25,-32,iE3wbRRO/1yE6Ji1R2KANgoYGG4=,2jmj7l5rSw0yVb/vlWAYkK/YBwk=
-25,-19,iE3wbRRO/1yE6Ji1R2KANgoYGG4=,2jmj7l5rSw0yVb/vlWAYkK/YBwk=
-25,-22,iE3wbRRO/1yE6Ji1R2KANgoYGG4=,2jmj7l5rSw0yVb/vlWAYkK/YBwk=
-25,-9,iE3wbRRO/1yE6Ji1R2KANgoYGG4=,2jmj7l5rSw0yVb/vlWAYkK/YBwk=
-25,-13,iE3wbRRO/1yE6Ji1R2KANgoYGG4=,2jmj7l5rSw0yVb/vlWAYkK/YBwk=
-25,-16,iE3wbRRO/1yE6Ji1R2KANgoYGG4=,2jmj7l5rSw0yVb/vlWAYkK/YBwk=
-25,-3,iE3wbRRO/1yE6Ji1R2KANgoYGG4=,2jmj7l5rSw0yVb/vlWAYkK/YBwk=
-25,-6,iE3wbRRO/1yE6Ji1R2KANgoYGG4=,2jmj7l5rSw0yVb/vlWAYkK/YBwk=
-26,-26,iE3wbRRO/1yE6Ji1R2KANgoYGG4=,2jmj7l5rSw0yVb/vlWAYkK/YBwk=
-26,-28,iE3wbRRO/1yE6Ji1R2KANgoYGG4=,2jmj7l5rSw0yVb/vlWAYkK/YBwk=
-26,-27,iE3wbRRO/1yE6Ji1R2KANgoYGG4=,2jmj7l5rSw0yVb/vlWAYkK/YBwk=
-26,-30,iE3wbRRO/1yE6Ji1R2KANgoYGG4=,2jmj7l5rSw0yVb/vlWAYkK/YBwk=
-26,-29,iE3wbRRO/1yE6Ji1R2KANgoYGG4=,2jmj7l5rSw0yVb/vlWAYkK/YBwk=
-26,-32,iE3wbRRO/1yE6Ji1R2KANgoYGG4=,2jmj7l5rSw0yVb/vlWAYkK/YBwk=
-27,-27,9mWQLmjbmAgen1G9nd7UF8UGYas=,2jmj7l5rSw0yVb/vlWAYkK/YBwk=
-27,-26,9mWQLmjbmAgen1G9nd7UF8UGYas=,2jmj7l5rSw0yVb/vlWAYkK/YBwk=
-27,-31,9mWQLmjbmAgen1G9nd7UF8UGYas=,2jmj7l5rSw0yVb/vlWAYkK/YBwk=
-27,-29,9mWQLmjbmAgen1G9nd7UF8UGYas=,2jmj7l5rSw0yVb/vlWAYkK/YBwk=
-27,-30,9mWQLmjbmAgen1G9nd7UF8UGYas=,2jmj7l5rSw0yVb/vlWAYkK/YBwk=
-28,-28,9mWQLmjbmAgen1G9nd7UF8UGYas=,2jmj7l5rSw0yVb/vlWAYkK/YBwk=
-28,-27,9mWQLmjbmAgen1G9nd7UF8UGYas=,2jmj7l5rSw0yVb/vlWAYkK/YBwk=
-28,-32,9mWQLmjbmAgen1G9nd7UF8UGYas=,2jmj7l5rSw0yVb/vlWAYkK/YBwk=
-28,-31,i4uem4COoGcog9uw61ydfW2IuIA=,2jmj7l5rSw0yVb/vlWAYkK/YBwk=
-28,-30,i4uem4COoGcog9uw61ydfW2IuIA=,2jmj7l5rSw0yVb/vlWAYkK/YBwk=
-28,-29,i4uem4COoGcog9uw61ydfW2IuIA=,2jmj7l5rSw0yVb/vlWAYkK/YBwk=
-28,-19,i4uem4COoGcog9uw61ydfW2IuIA=,2jmj7l5rSw0yVb/vlWAYkK/YBwk=
-28,-22,i4uem4COoGcog9uw61ydfW2IuIA=,2jmj7l5rSw0yVb/vlWAYkK/YBwk=
-28,-12,i4uem4COoGcog9uw61ydfW2IuIA=,2jmj7l5rSw0yVb/vlWAYkK/YBwk=
-28,-10,i4uem4COoGcog9uw61ydfW2IuIA=,2jmj7l5rSw0yVb/vlWAYkK/YBwk=
-28,-16,i4uem4COoGcog9uw61ydfW2IuIA=,2jmj7l5rSw0yVb/vlWAYkK/YBwk=
-28,-3,i4uem4COoGcog9uw61ydfW2IuIA=,2jmj7l5rSw0yVb/vlWAYkK/YBwk=
-28,-7,i4uem4COoGcog9uw61ydfW2IuIA=,2jmj7l5rSw0yVb/vlWAYkK/YBwk=
-29,-29,i4uem4COoGcog9uw61ydfW2IuIA=,2jmj7l5rSw0yVb/vlWAYkK/YBwk=
-29,-30,i4uem4COoGcog9uw61ydfW2IuIA=,2jmj7l5rSw0yVb/vlWAYkK/YBwk=
-29,-31,i4uem4COoGcog9uw61ydfW2IuIA=,2jmj7l5rSw0yVb/vlWAYkK/YBwk=
-29,-32,i4uem4COoGcog9uw61ydfW2IuIA=,2jmj7l5rSw0yVb/vlWAYkK/YBwk=
-29,-25,i4uem4COoGcog9uw61ydfW2IuIA=,2jmj7l5rSw0yVb/vlWAYkK/YBwk=
-29,-26,i4uem4COoGcog9uw61ydfW2IuIA=,2jmj7l5rSw0yVb/vlWAYkK/YBwk=
-29,-27,i4uem4COoGcog9uw61ydfW2IuIA=,2jmj7l5rSw0yVb/vlWAYkK/YBwk=
-29,-28,i4uem4COoGcog9uw61ydfW2IuIA=,2jmj7l5rSw0yVb/vlWAYkK/YBwk=
-30,-30,6dUoKZcRUWuv3F38TgPkxKSbkM4=,2jmj7l5rSw0yVb/vlWAYkK/YBwk=
-30,-29,6dUoKZcRUWuv3F38TgPkxKSbkM4=,2jmj7l5rSw0yVb/vlWAYkK/YBwk=
-30,-31,6dUoKZcRUWuv3F38TgPkxKSbkM4=,2jmj7l5rSw0yVb/vlWAYkK/YBwk=
-30,-28,6dUoKZcRUWuv3F38TgPkxKSbkM4=,2jmj7l5rSw0yVb/vlWAYkK/YBwk=
-30,-27,6dUoKZcRUWuv3F38TgPkxKSbkM4=,2jmj7l5rSw0yVb/vlWAYkK/YBwk=
-31,-31,6dUoKZcRUWuv3F38TgPkxKSbkM4=,2jmj7l5rSw0yVb/vlWAYkK/YBwk=
-31,-29,6dUoKZcRUWuv3F38TgPkxKSbkM4=,2jmj7l5rSw0yVb/vlWAYkK/YBwk=
-31,-30,6dUoKZcRUWuv3F38TgPkxKSbkM4=,2jmj7l5rSw0yVb/vlWAYkK/YBwk=
-31,-28,6dUoKZcRUWuv3F38TgPkxKSbkM4=,2jmj7l5rSw0yVb/vlWAYkK/YBwk=
-31,-26,6dUoKZcRUWuv3F38TgPkxKSbkM4=,2jmj7l5rSw0yVb/vlWAYkK/YBwk=
-31,-22,6dUoKZcRUWuv3F38TgPkxKSbkM4=,2jmj7l5rSw0yVb/vlWAYkK/YBwk=
-31,-16,6dUoKZcRUWuv3F38TgPkxKSbkM4=,2jmj7l5rSw0yVb/vlWAYkK/YBwk=
-31,-10,sWthGrMFnvQAOe8+QvuBEfqRS0I=,2jmj7l5rSw0yVb/vlWAYkK/YBwk=
-31,-3,sWthGrMFnvQAOe8+QvuBEfqRS0I=,2jmj7l5rSw0yVb/vlWAYkK/YBwk=
-32,-32,sWthGrMFnvQAOe8+QvuBEfqRS0I=,2jmj7l5rSw0yVb/vlWAYkK/YBwk=
-32,-31,sWthGrMFnvQAOe8+QvuBEfqRS0I=,2jmj7l5rSw0yVb/vlWAYkK/YBwk=
-32,-30,sWthGrMFnvQAOe8+QvuBEfqRS0I=,2jmj7l5rSw0yVb/vlWAYkK/YBwk=
-32,-29,sWthGrMFnvQAOe8+QvuBEfqRS0I=,2jmj7l5rSw0yVb/vlWAYkK/YBwk=
-32,-28,sWthGrMFnvQAOe8+QvuBEfqRS0I=,2jmj7l5rSw0yVb/vlWAYkK/YBwk=
-32,-27,sWthGrMFnvQAOe8+QvuBEfqRS0I=,2jmj7l5rSw0yVb/vlWAYkK/YBwk=
-32,-25,sWthGrMFnvQAOe8+QvuBEfqRS0I=,2jmj7l5rSw0yVb/vlWAYkK/YBwk=
-32,-19,sWthGrMFnvQAOe8+QvuBEfqRS0I=,2jmj7l5rSw0yVb/vlWAYkK/YBwk=
-32,-13,sWthGrMFnvQAOe8+QvuBEfqRS0I=,2jmj7l5rSw0yVb/vlWAYkK/YBwk=
-32,-6,sWthGrMFnvQAOe8+QvuBEfqRS0I=,2jmj7l5rSw0yVb/vlWAYkK/YBwk=
